{
	"credit": "Made with Blockbench",
	"texture_size": [32, 32],
	"textures": {
		"0": "item/belos",
		"particle": "item/belos"
	},
	"elements": [
		{
			"from": [8.97157, 1.99962, 7],
			"to": [9.97157, 7.99962, 8],
			"rotation": {"angle": -22.5, "axis": "z", "origin": [9.47157, 4.99962, 7.5]},
			"faces": {
				"north": {"uv": [0, 0, 3, 0.5], "rotation": 90, "texture": "#0"},
				"east": {"uv": [0, 0, 3, 0.5], "rotation": 270, "texture": "#0"},
				"south": {"uv": [0, 0, 3, 0.5], "rotation": 270, "texture": "#0"},
				"west": {"uv": [0, 0, 3, 0.5], "rotation": 270, "texture": "#0"},
				"up": {"uv": [0, 0, 0.5, 0.5], "rotation": 270, "texture": "#0"},
				"down": {"uv": [0, 0, 0.5, 0.5], "rotation": 270, "texture": "#0"}
			}
		},
		{
			"from": [6.18513, 1.99962, 7],
			"to": [7.18513, 7.99962, 8],
			"rotation": {"angle": 22.5, "axis": "z", "origin": [6.68513, 4.99962, 7.5]},
			"faces": {
				"north": {"uv": [0, 0, 3, 0.5], "rotation": 90, "texture": "#0"},
				"east": {"uv": [0, 0, 3, 0.5], "rotation": 270, "texture": "#0"},
				"south": {"uv": [0, 0, 3, 0.5], "rotation": 270, "texture": "#0"},
				"west": {"uv": [0, 0, 3, 0.5], "rotation": 270, "texture": "#0"},
				"up": {"uv": [0, 0, 0.5, 0.5], "rotation": 270, "texture": "#0"},
				"down": {"uv": [0, 0, 0.5, 0.5], "rotation": 270, "texture": "#0"}
			}
		},
		{
			"from": [8.7248, 0.76887, 7.1],
			"to": [9.7248, 1.76887, 8.1],
			"rotation": {"angle": 45, "axis": "z", "origin": [7.7248, 0.26887, 7.5]},
			"faces": {
				"north": {"uv": [0, 0, 0.5, 0.5], "texture": "#0"},
				"east": {"uv": [0, 0, 0.5, 0.5], "texture": "#0"},
				"south": {"uv": [0, 0, 0.5, 0.5], "texture": "#0"},
				"west": {"uv": [0, 0, 0.5, 0.5], "texture": "#0"},
				"up": {"uv": [0, 0, 0.5, 0.5], "texture": "#0"},
				"down": {"uv": [0, 0, 0.5, 0.5], "texture": "#0"}
			}
		},
		{
			"from": [6.58513, 3.99962, 6.9],
			"to": [9.58513, 7.99962, 7.9],
			"rotation": {"angle": 0, "axis": "z", "origin": [6.68513, 4.99962, 7.5]},
			"faces": {
				"north": {"uv": [0, 0, 2, 1.5], "rotation": 90, "texture": "#0"},
				"east": {"uv": [0, 0, 2, 0.5], "rotation": 270, "texture": "#0"},
				"south": {"uv": [0, 0, 2, 1.5], "rotation": 270, "texture": "#0"},
				"west": {"uv": [0, 0, 2, 0.5], "rotation": 270, "texture": "#0"},
				"up": {"uv": [0, 0, 0.5, 1.5], "rotation": 270, "texture": "#0"},
				"down": {"uv": [0, 0, 0.5, 1.5], "rotation": 270, "texture": "#0"}
			}
		},
		{
			"from": [5.58513, 6.49962, 6.8],
			"to": [10.58513, 11.49962, 7.8],
			"rotation": {"angle": 0, "axis": "z", "origin": [6.68513, 4.99962, 7.5]},
			"faces": {
				"north": {"uv": [0, 13.5, 2.5, 16], "rotation": 90, "texture": "#0"},
				"east": {"uv": [0, 0, 2.5, 0.5], "rotation": 270, "texture": "#0"},
				"south": {"uv": [1, 13.5, 3.5, 16], "rotation": 270, "texture": "#0"},
				"west": {"uv": [0, 0, 2.5, 0.5], "rotation": 270, "texture": "#0"},
				"up": {"uv": [0, 0, 0.5, 2.5], "rotation": 270, "texture": "#0"},
				"down": {"uv": [0, 0, 0.5, 2.5], "rotation": 270, "texture": "#0"}
			}
		},
		{
			"from": [10.58513, 7.49962, 6.8],
			"to": [11.58513, 10.49962, 7.8],
			"rotation": {"angle": 0, "axis": "z", "origin": [6.68513, 4.99962, 7.5]},
			"faces": {
				"north": {"uv": [0, 0, 1.5, 0.5], "rotation": 90, "texture": "#0"},
				"east": {"uv": [0, 0, 1.5, 0.5], "rotation": 270, "texture": "#0"},
				"south": {"uv": [0, 0, 1.5, 0.5], "rotation": 270, "texture": "#0"},
				"west": {"uv": [0, 0, 1.5, 0.5], "rotation": 270, "texture": "#0"},
				"up": {"uv": [0, 0, 0.5, 0.5], "rotation": 270, "texture": "#0"},
				"down": {"uv": [0, 0, 0.5, 0.5], "rotation": 270, "texture": "#0"}
			}
		},
		{
			"from": [4.58513, 7.49962, 6.8],
			"to": [5.58513, 10.49962, 7.8],
			"rotation": {"angle": 0, "axis": "z", "origin": [6.68513, 4.99962, 7.5]},
			"faces": {
				"north": {"uv": [0, 0, 1.5, 0.5], "rotation": 90, "texture": "#0"},
				"east": {"uv": [0, 0, 1.5, 0.5], "rotation": 270, "texture": "#0"},
				"south": {"uv": [0, 0, 1.5, 0.5], "rotation": 270, "texture": "#0"},
				"west": {"uv": [0, 0, 1.5, 0.5], "rotation": 270, "texture": "#0"},
				"up": {"uv": [0, 0, 0.5, 0.5], "rotation": 270, "texture": "#0"},
				"down": {"uv": [0, 0, 0.5, 0.5], "rotation": 270, "texture": "#0"}
			}
		},
		{
			"from": [6.58513, 11.24962, 6.8],
			"to": [9.58513, 12.24962, 7.8],
			"rotation": {"angle": 0, "axis": "z", "origin": [6.68513, 4.99962, 7.5]},
			"faces": {
				"north": {"uv": [0, 0, 0.5, 1.5], "rotation": 90, "texture": "#0"},
				"east": {"uv": [0, 0, 0.5, 0.5], "rotation": 270, "texture": "#0"},
				"south": {"uv": [0, 0, 0.5, 1.5], "rotation": 270, "texture": "#0"},
				"west": {"uv": [0, 0, 0.5, 0.5], "rotation": 270, "texture": "#0"},
				"up": {"uv": [0, 0, 0.5, 1.5], "rotation": 270, "texture": "#0"},
				"down": {"uv": [0, 0, 0.5, 1.5], "rotation": 270, "texture": "#0"}
			}
		},
		{
			"from": [7.58513, 2.99962, 6.9],
			"to": [8.58513, 3.99962, 7.9],
			"rotation": {"angle": 0, "axis": "z", "origin": [6.68513, 4.99962, 7.5]},
			"faces": {
				"north": {"uv": [0, 0, 0.5, 0.5], "rotation": 90, "texture": "#0"},
				"east": {"uv": [0, 0, 0.5, 0.5], "rotation": 270, "texture": "#0"},
				"south": {"uv": [0, 0, 0.5, 0.5], "rotation": 270, "texture": "#0"},
				"west": {"uv": [0, 0, 0.5, 0.5], "rotation": 270, "texture": "#0"},
				"up": {"uv": [0, 0, 0.5, 0.5], "rotation": 270, "texture": "#0"},
				"down": {"uv": [0, 0, 0.5, 0.5], "rotation": 270, "texture": "#0"}
			}
		},
		{
			"from": [9.58513, 6.49962, 6.9],
			"to": [10.58513, 8.49962, 7.9],
			"rotation": {"angle": 0, "axis": "z", "origin": [6.68513, 4.99962, 7.5]},
			"faces": {
				"north": {"uv": [0, 0, 1, 0.5], "rotation": 90, "texture": "#0"},
				"east": {"uv": [0, 0, 1, 0.5], "rotation": 270, "texture": "#0"},
				"south": {"uv": [0, 11, 1, 11.5], "rotation": 270, "texture": "#0"},
				"west": {"uv": [0, 11, 1, 11.5], "rotation": 270, "texture": "#0"},
				"up": {"uv": [0, 0, 0.5, 0.5], "rotation": 270, "texture": "#0"},
				"down": {"uv": [0, 0, 0.5, 0.5], "rotation": 270, "texture": "#0"}
			}
		},
		{
			"from": [5.58513, 6.49962, 6.9],
			"to": [6.58513, 8.49962, 7.9],
			"rotation": {"angle": 0, "axis": "z", "origin": [6.68513, 4.99962, 7.5]},
			"faces": {
				"north": {"uv": [0, 0, 1, 0.5], "rotation": 90, "texture": "#0"},
				"east": {"uv": [4, 12.5, 5, 13], "rotation": 270, "texture": "#0"},
				"south": {"uv": [4, 12.5, 5, 13], "rotation": 270, "texture": "#0"},
				"west": {"uv": [0, 0, 1, 0.5], "rotation": 270, "texture": "#0"},
				"up": {"uv": [0, 0, 0.5, 0.5], "rotation": 270, "texture": "#0"},
				"down": {"uv": [0, 0, 0.5, 0.5], "rotation": 270, "texture": "#0"}
			}
		},
		{
			"from": [4.08513, 8.49962, 7.3],
			"to": [5.08513, 11.49962, 8.3],
			"rotation": {"angle": 22.5, "axis": "z", "origin": [4.58513, 8.99962, 7.8]},
			"faces": {
				"north": {"uv": [0, 0, 1.5, 0.5], "rotation": 90, "texture": "#0"},
				"east": {"uv": [0, 0, 1.5, 0.5], "rotation": 270, "texture": "#0"},
				"south": {"uv": [0, 0, 1.5, 0.5], "rotation": 270, "texture": "#0"},
				"west": {"uv": [0, 0, 1.5, 0.5], "rotation": 270, "texture": "#0"},
				"up": {"uv": [0, 0, 0.5, 0.5], "rotation": 270, "texture": "#0"},
				"down": {"uv": [0, 0, 0.5, 0.5], "rotation": 270, "texture": "#0"}
			}
		},
		{
			"from": [15.67317, 14.67071, 7.3],
			"to": [16.67317, 17.67071, 8.3],
			"rotation": {"angle": 22.5, "axis": "z", "origin": [6.17317, 7.17071, 7.8]},
			"faces": {
				"north": {"uv": [0, 0, 1.5, 0.5], "rotation": 90, "texture": "#0"},
				"east": {"uv": [0, 0, 1.5, 0.5], "rotation": 270, "texture": "#0"},
				"south": {"uv": [0, 0, 1.5, 0.5], "rotation": 270, "texture": "#0"},
				"west": {"uv": [0, 0, 1.5, 0.5], "rotation": 270, "texture": "#0"},
				"up": {"uv": [0, 0, 0.5, 0.5], "rotation": 270, "texture": "#0"},
				"down": {"uv": [0, 0, 0.5, 0.5], "rotation": 270, "texture": "#0"}
			}
		},
		{
			"from": [11.08513, 8.49962, 7.3],
			"to": [12.08513, 11.49962, 8.3],
			"rotation": {"angle": -22.5, "axis": "z", "origin": [11.58513, 8.99962, 7.8]},
			"faces": {
				"north": {"uv": [0, 0, 1.5, 0.5], "rotation": 90, "texture": "#0"},
				"east": {"uv": [0, 0, 1.5, 0.5], "rotation": 270, "texture": "#0"},
				"south": {"uv": [0, 0, 1.5, 0.5], "rotation": 270, "texture": "#0"},
				"west": {"uv": [0, 0, 1.5, 0.5], "rotation": 270, "texture": "#0"},
				"up": {"uv": [0, 0, 0.5, 0.5], "rotation": 270, "texture": "#0"},
				"down": {"uv": [0, 0, 0.5, 0.5], "rotation": 270, "texture": "#0"}
			}
		},
		{
			"from": [0.0341, 13.37042, 7.3],
			"to": [1.0341, 16.37042, 8.3],
			"rotation": {"angle": -22.5, "axis": "z", "origin": [13.5341, 7.87042, 7.8]},
			"faces": {
				"north": {"uv": [0, 0, 1.5, 0.5], "rotation": 90, "texture": "#0"},
				"east": {"uv": [0, 0, 1.5, 0.5], "rotation": 270, "texture": "#0"},
				"south": {"uv": [0, 0, 1.5, 0.5], "rotation": 270, "texture": "#0"},
				"west": {"uv": [0, 0, 1.5, 0.5], "rotation": 270, "texture": "#0"},
				"up": {"uv": [0, 0, 0.5, 0.5], "rotation": 270, "texture": "#0"},
				"down": {"uv": [0, 0, 0.5, 0.5], "rotation": 270, "texture": "#0"}
			}
		},
		{
			"from": [12.00378, 11.11798, 7.3],
			"to": [13.00378, 18.11798, 8.3],
			"rotation": {"angle": 0, "axis": "z", "origin": [11.50378, 8.61798, 7.8]},
			"faces": {
				"north": {"uv": [0, 0, 3.5, 0.5], "rotation": 90, "texture": "#0"},
				"east": {"uv": [0, 0, 3.5, 0.5], "rotation": 270, "texture": "#0"},
				"south": {"uv": [0, 0, 3.5, 0.5], "rotation": 270, "texture": "#0"},
				"west": {"uv": [0, 0, 3.5, 0.5], "rotation": 270, "texture": "#0"},
				"up": {"uv": [0, 0, 0.5, 0.5], "rotation": 270, "texture": "#0"},
				"down": {"uv": [0, 0, 0.5, 0.5], "rotation": 270, "texture": "#0"}
			}
		},
		{
			"from": [3.16648, 11.11798, 7.3],
			"to": [4.16648, 18.11798, 8.3],
			"rotation": {"angle": 0, "axis": "z", "origin": [11.66648, 8.61798, 7.8]},
			"faces": {
				"north": {"uv": [0, 0, 3.5, 0.5], "rotation": 90, "texture": "#0"},
				"east": {"uv": [0, 0, 3.5, 0.5], "rotation": 270, "texture": "#0"},
				"south": {"uv": [0, 0, 3.5, 0.5], "rotation": 270, "texture": "#0"},
				"west": {"uv": [0, 0, 3.5, 0.5], "rotation": 270, "texture": "#0"},
				"up": {"uv": [0, 0, 0.5, 0.5], "rotation": 270, "texture": "#0"},
				"down": {"uv": [0, 0, 0.5, 0.5], "rotation": 270, "texture": "#0"}
			}
		}
	],
	"display": {
		"thirdperson_righthand": {
			"rotation": [0, -91, 0]
		},
		"thirdperson_lefthand": {
			"rotation": [0, -91, 0]
		},
		"firstperson_righthand": {
			"rotation": [0, 80.75, 0],
			"translation": [1, 1.25, 0]
		},
		"firstperson_lefthand": {
			"rotation": [0, 80.75, 0],
			"translation": [1, 1.25, 0]
		},
		"ground": {
			"rotation": [90, 0.99, -0.96]
		},
		"gui": {
			"rotation": [21, 152, 0],
			"translation": [0, -1, 0]
		},
		"head": {
			"translation": [0, -0.75, -6],
			"scale": [2, 2, 2]
		},
		"fixed": {
			"translation": [0, 0, -1.5],
			"scale": [2, 2, 2]
		}
	},
	"groups": [
		{
			"name": "group",
			"origin": [0, 0, 0],
			"color": 0,
			"children": [
				{
					"name": "chin1",
					"origin": [0, 0, 0],
					"color": 0,
					"children": [0]
				},
				{
					"name": "chin2",
					"origin": [8, 8, 8],
					"color": 0,
					"children": [1]
				},
				{
					"name": "chin3",
					"origin": [0, 0, 0],
					"color": 0,
					"children": [2]
				},
				3,
				4,
				5,
				6,
				7,
				8,
				9,
				10
			]
		},
		{
			"name": "antler1",
			"origin": [6.68513, 4.99962, 7.5],
			"color": 0,
			"children": [11, 12]
		},
		{
			"name": "antler1",
			"origin": [6.68513, 4.99962, 7.5],
			"color": 0,
			"children": [13, 14]
		},
		15,
		16
	]
}