{
	"credit": "Made with Blockbench",
	"textures": {
		"0": "item/bill",
		"particle": "item/bill"
	},
	"elements": [
		{
			"from": [13.06952, 2.11655, 7],
			"to": [14.06952, 14.11655, 8],
			"rotation": {"angle": 22.5, "axis": "z", "origin": [12.56952, 0.11655, 7.5]},
			"faces": {
				"north": {"uv": [0, 0, 12, 1], "rotation": 90, "texture": "#0"},
				"east": {"uv": [0, 0, 12, 1], "rotation": 270, "texture": "#0"},
				"south": {"uv": [0, 0, 12, 1], "rotation": 270, "texture": "#0"},
				"west": {"uv": [0, 0, 12, 1], "rotation": 270, "texture": "#0"},
				"up": {"uv": [0, 0, 1, 1], "rotation": 270, "texture": "#0"},
				"down": {"uv": [0, 0, 1, 1], "rotation": 270, "texture": "#0"}
			}
		},
		{
			"from": [5.31028, 0.20729, 7],
			"to": [6.31028, 12.20729, 8],
			"rotation": {"angle": -22.5, "axis": "z", "origin": [9.81028, 8.20729, 7.5]},
			"faces": {
				"north": {"uv": [0, 0, 12, 1], "rotation": 90, "texture": "#0"},
				"east": {"uv": [0, 0, 12, 1], "rotation": 270, "texture": "#0"},
				"south": {"uv": [0, 0, 12, 1], "rotation": 270, "texture": "#0"},
				"west": {"uv": [0, 0, 12, 1], "rotation": 270, "texture": "#0"},
				"up": {"uv": [0, 0, 1, 1], "rotation": 270, "texture": "#0"},
				"down": {"uv": [0, 0, 1, 1], "rotation": 270, "texture": "#0"}
			}
		},
		{
			"from": [3.39066, 2.1391, 7],
			"to": [12.39066, 3.1391, 8],
			"rotation": {"angle": 0, "axis": "z", "origin": [9.89066, 9.0391, 7.5]},
			"faces": {
				"north": {"uv": [0, 0, 9, 1], "texture": "#0"},
				"east": {"uv": [0, 0, 1, 1], "texture": "#0"},
				"south": {"uv": [0, 0, 9, 1], "texture": "#0"},
				"west": {"uv": [0, 0, 1, 1], "texture": "#0"},
				"up": {"uv": [0, 0, 9, 1], "texture": "#0"},
				"down": {"uv": [0, 0, 9, 1], "texture": "#0"}
			}
		},
		{
			"from": [3.39066, 3.0391, 7],
			"to": [12.39066, 4.0391, 8],
			"rotation": {"angle": 0, "axis": "z", "origin": [9.89066, 9.0391, 7.5]},
			"faces": {
				"north": {"uv": [0, 0, 9, 1], "texture": "#0"},
				"east": {"uv": [0, 0, 1, 1], "texture": "#0"},
				"south": {"uv": [0, 0, 9, 1], "texture": "#0"},
				"west": {"uv": [0, 0, 1, 1], "texture": "#0"},
				"up": {"uv": [0, 0, 9, 1], "texture": "#0"},
				"down": {"uv": [0, 0, 9, 1], "texture": "#0"}
			}
		},
		{
			"from": [3.89066, 3.7391, 7],
			"to": [11.89066, 4.7391, 8],
			"rotation": {"angle": 0, "axis": "z", "origin": [9.89066, 9.0391, 7.5]},
			"faces": {
				"north": {"uv": [0, 0, 8, 1], "texture": "#0"},
				"east": {"uv": [0, 0, 1, 1], "texture": "#0"},
				"south": {"uv": [0, 0, 8, 1], "texture": "#0"},
				"west": {"uv": [0, 0, 1, 1], "texture": "#0"},
				"up": {"uv": [0, 0, 8, 1], "texture": "#0"},
				"down": {"uv": [0, 0, 8, 1], "texture": "#0"}
			}
		},
		{
			"from": [4.39066, 4.7391, 7],
			"to": [11.39066, 5.7391, 8],
			"rotation": {"angle": 0, "axis": "z", "origin": [9.89066, 9.0391, 7.5]},
			"faces": {
				"north": {"uv": [0, 0, 7, 1], "texture": "#0"},
				"east": {"uv": [0, 0, 1, 1], "texture": "#0"},
				"south": {"uv": [0, 0, 7, 1], "texture": "#0"},
				"west": {"uv": [0, 0, 1, 1], "texture": "#0"},
				"up": {"uv": [0, 0, 7, 1], "texture": "#0"},
				"down": {"uv": [0, 0, 7, 1], "texture": "#0"}
			}
		},
		{
			"from": [4.89066, 5.7391, 7],
			"to": [10.89066, 6.7391, 8],
			"rotation": {"angle": 0, "axis": "z", "origin": [9.89066, 9.0391, 7.5]},
			"faces": {
				"north": {"uv": [0, 0, 6, 1], "texture": "#0"},
				"east": {"uv": [0, 0, 1, 1], "texture": "#0"},
				"south": {"uv": [0, 0, 6, 1], "texture": "#0"},
				"west": {"uv": [0, 0, 1, 1], "texture": "#0"},
				"up": {"uv": [0, 0, 6, 1], "texture": "#0"},
				"down": {"uv": [0, 0, 6, 1], "texture": "#0"}
			}
		},
		{
			"from": [4.89066, 6.7391, 7],
			"to": [10.89066, 7.7391, 8],
			"rotation": {"angle": 0, "axis": "z", "origin": [9.89066, 9.0391, 7.5]},
			"faces": {
				"north": {"uv": [0, 0, 6, 1], "texture": "#0"},
				"east": {"uv": [0, 0, 1, 1], "texture": "#0"},
				"south": {"uv": [0, 0, 6, 1], "texture": "#0"},
				"west": {"uv": [0, 0, 1, 1], "texture": "#0"},
				"up": {"uv": [0, 0, 6, 1], "texture": "#0"},
				"down": {"uv": [0, 0, 6, 1], "texture": "#0"}
			}
		},
		{
			"from": [5.39066, 7.7391, 7],
			"to": [10.39066, 8.7391, 8],
			"rotation": {"angle": 0, "axis": "z", "origin": [9.89066, 9.0391, 7.5]},
			"faces": {
				"north": {"uv": [0, 0, 5, 1], "texture": "#0"},
				"east": {"uv": [0, 0, 1, 1], "texture": "#0"},
				"south": {"uv": [0, 0, 5, 1], "texture": "#0"},
				"west": {"uv": [0, 0, 1, 1], "texture": "#0"},
				"up": {"uv": [0, 0, 5, 1], "texture": "#0"},
				"down": {"uv": [0, 0, 5, 1], "texture": "#0"}
			}
		},
		{
			"from": [5.89066, 8.7391, 7],
			"to": [9.89066, 9.7391, 8],
			"rotation": {"angle": 0, "axis": "z", "origin": [9.89066, 9.0391, 7.5]},
			"faces": {
				"north": {"uv": [0, 0, 4, 1], "texture": "#0"},
				"east": {"uv": [0, 0, 1, 1], "texture": "#0"},
				"south": {"uv": [0, 0, 4, 1], "texture": "#0"},
				"west": {"uv": [0, 0, 1, 1], "texture": "#0"},
				"up": {"uv": [0, 0, 4, 1], "texture": "#0"},
				"down": {"uv": [0, 0, 4, 1], "texture": "#0"}
			}
		},
		{
			"from": [6.39066, 9.7391, 7],
			"to": [9.39066, 10.7391, 8],
			"rotation": {"angle": 0, "axis": "z", "origin": [9.89066, 9.0391, 7.5]},
			"faces": {
				"north": {"uv": [0, 0, 3, 1], "texture": "#0"},
				"east": {"uv": [0, 0, 1, 1], "texture": "#0"},
				"south": {"uv": [0, 0, 3, 1], "texture": "#0"},
				"west": {"uv": [0, 0, 1, 1], "texture": "#0"},
				"up": {"uv": [0, 0, 3, 1], "texture": "#0"},
				"down": {"uv": [0, 0, 3, 1], "texture": "#0"}
			}
		},
		{
			"from": [6.89066, 10.7391, 7],
			"to": [8.89066, 11.7391, 8],
			"rotation": {"angle": 0, "axis": "z", "origin": [9.89066, 9.0391, 7.5]},
			"faces": {
				"north": {"uv": [0, 0, 2, 1], "texture": "#0"},
				"east": {"uv": [0, 0, 1, 1], "texture": "#0"},
				"south": {"uv": [0, 0, 2, 1], "texture": "#0"},
				"west": {"uv": [0, 0, 1, 1], "texture": "#0"},
				"up": {"uv": [0, 0, 2, 1], "texture": "#0"},
				"down": {"uv": [0, 0, 2, 1], "texture": "#0"}
			}
		},
		{
			"from": [7.39066, 11.7391, 7],
			"to": [8.39066, 12.7391, 8],
			"rotation": {"angle": 0, "axis": "z", "origin": [9.89066, 9.0391, 7.5]},
			"faces": {
				"north": {"uv": [0, 0, 1, 1], "texture": "#0"},
				"east": {"uv": [0, 0, 1, 1], "texture": "#0"},
				"south": {"uv": [0, 0, 1, 1], "texture": "#0"},
				"west": {"uv": [0, 0, 1, 1], "texture": "#0"},
				"up": {"uv": [0, 0, 1, 1], "texture": "#0"},
				"down": {"uv": [0, 0, 1, 1], "texture": "#0"}
			}
		},
		{
			"from": [6.39066, 13.5391, 7],
			"to": [7.39066, 14.5391, 8],
			"rotation": {"angle": 45, "axis": "z", "origin": [7.89066, 15.0391, 7.5]},
			"faces": {
				"north": {"uv": [0, 0, 1, 1], "texture": "#0"},
				"east": {"uv": [0, 0, 1, 1], "texture": "#0"},
				"south": {"uv": [0, 0, 1, 1], "texture": "#0"},
				"west": {"uv": [0, 0, 1, 1], "texture": "#0"},
				"up": {"uv": [0, 0, 1, 1], "texture": "#0"},
				"down": {"uv": [0, 0, 1, 1], "texture": "#0"}
			}
		},
		{
			"from": [5.89066, 14.5391, 6.5],
			"to": [9.89066, 15.5391, 8.5],
			"rotation": {"angle": 0, "axis": "z", "origin": [7.89066, 15.0391, 7.5]},
			"faces": {
				"north": {"uv": [14, 5, 15, 6], "rotation": 90, "texture": "#0"},
				"east": {"uv": [14, 5, 15, 6], "rotation": 270, "texture": "#0"},
				"south": {"uv": [14, 5, 15, 6], "rotation": 270, "texture": "#0"},
				"west": {"uv": [14, 5, 15, 6], "rotation": 270, "texture": "#0"},
				"up": {"uv": [14, 5, 15, 6], "rotation": 270, "texture": "#0"},
				"down": {"uv": [14, 5, 15, 6], "rotation": 270, "texture": "#0"}
			}
		},
		{
			"from": [6.89066, 15.5391, 7],
			"to": [8.89066, 20.5391, 8],
			"rotation": {"angle": 0, "axis": "z", "origin": [7.89066, 15.0391, 7.5]},
			"faces": {
				"north": {"uv": [14, 5, 15, 6], "rotation": 90, "texture": "#0"},
				"east": {"uv": [14, 5, 15, 6], "rotation": 270, "texture": "#0"},
				"south": {"uv": [14, 5, 15, 6], "rotation": 270, "texture": "#0"},
				"west": {"uv": [14, 5, 15, 6], "rotation": 270, "texture": "#0"},
				"up": {"uv": [14, 5, 15, 6], "rotation": 270, "texture": "#0"},
				"down": {"uv": [14, 5, 15, 6], "rotation": 270, "texture": "#0"}
			}
		},
		{
			"from": [3.5, -3.75, 7.5],
			"to": [4.5, 2.25, 8.5],
			"rotation": {"angle": -22.5, "axis": "x", "origin": [9, 1.5, 7.5]},
			"faces": {
				"north": {"uv": [15, 0, 16, 6], "texture": "#0"},
				"east": {"uv": [15, 0, 16, 6], "texture": "#0"},
				"south": {"uv": [15, 0, 16, 6], "texture": "#0"},
				"west": {"uv": [15, 0, 16, 6], "texture": "#0"},
				"up": {"uv": [15, 0, 16, 1], "texture": "#0"},
				"down": {"uv": [15, 0, 16, 1], "texture": "#0"}
			}
		},
		{
			"from": [11.5, -3.75, 7.5],
			"to": [12.5, 2.25, 8.5],
			"rotation": {"angle": -22.5, "axis": "x", "origin": [9, 1.5, 7.5]},
			"faces": {
				"north": {"uv": [15, 0, 16, 6], "texture": "#0"},
				"east": {"uv": [15, 0, 16, 6], "texture": "#0"},
				"south": {"uv": [15, 0, 16, 6], "texture": "#0"},
				"west": {"uv": [15, 0, 16, 6], "texture": "#0"},
				"up": {"uv": [15, 0, 16, 1], "texture": "#0"},
				"down": {"uv": [15, 0, 16, 1], "texture": "#0"}
			}
		},
		{
			"from": [6, -0.75, 7.5],
			"to": [7, 2.25, 8.5],
			"rotation": {"angle": -22.5, "axis": "x", "origin": [10, 1.5, 7.5]},
			"faces": {
				"north": {"uv": [14, 0, 15, 3], "texture": "#0"},
				"east": {"uv": [14, 0, 15, 3], "texture": "#0"},
				"south": {"uv": [14, 0, 15, 3], "texture": "#0"},
				"west": {"uv": [14, 0, 15, 3], "texture": "#0"},
				"up": {"uv": [14, 0, 15, 1], "texture": "#0"},
				"down": {"uv": [14, 0, 15, 1], "texture": "#0"}
			}
		},
		{
			"from": [9, -0.75, 7.5],
			"to": [10, 2.25, 8.5],
			"rotation": {"angle": -22.5, "axis": "x", "origin": [10, 1.5, 7.5]},
			"faces": {
				"north": {"uv": [14, 0, 15, 3], "texture": "#0"},
				"east": {"uv": [14, 0, 15, 3], "texture": "#0"},
				"south": {"uv": [14, 0, 15, 3], "texture": "#0"},
				"west": {"uv": [14, 0, 15, 3], "texture": "#0"},
				"up": {"uv": [14, 0, 15, 1], "texture": "#0"},
				"down": {"uv": [14, 0, 15, 1], "texture": "#0"}
			}
		},
		{
			"from": [6, -3.53063, 6.06294],
			"to": [7, -1.53063, 7.06294],
			"rotation": {"angle": -45, "axis": "x", "origin": [10, 1.71937, 6.06294]},
			"faces": {
				"north": {"uv": [14, 3, 15, 5], "texture": "#0"},
				"east": {"uv": [14, 3, 15, 5], "texture": "#0"},
				"south": {"uv": [14, 3, 15, 5], "texture": "#0"},
				"west": {"uv": [14, 3, 15, 5], "texture": "#0"},
				"up": {"uv": [14, 3, 15, 4], "texture": "#0"},
				"down": {"uv": [14, 3, 15, 4], "texture": "#0"}
			}
		},
		{
			"from": [9, -3.53063, 6.06294],
			"to": [10, -1.53063, 7.06294],
			"rotation": {"angle": -45, "axis": "x", "origin": [10, 1.71937, 6.06294]},
			"faces": {
				"north": {"uv": [14, 3, 15, 5], "texture": "#0"},
				"east": {"uv": [14, 3, 15, 5], "texture": "#0"},
				"south": {"uv": [14, 3, 15, 5], "texture": "#0"},
				"west": {"uv": [14, 3, 15, 5], "texture": "#0"},
				"up": {"uv": [14, 3, 15, 4], "texture": "#0"},
				"down": {"uv": [14, 3, 15, 4], "texture": "#0"}
			}
		},
		{
			"from": [5.39066, 6.9891, 6.7],
			"to": [10.39066, 7.9891, 7.7],
			"rotation": {"angle": 0, "axis": "z", "origin": [9.89066, 9.0391, 7.5]},
			"faces": {
				"north": {"uv": [0, 15, 6, 16], "texture": "#0"},
				"east": {"uv": [0, 15, 1, 16], "texture": "#0"},
				"south": {"uv": [0, 15, 6, 16], "texture": "#0"},
				"west": {"uv": [0, 15, 1, 16], "texture": "#0"},
				"up": {"uv": [0, 15, 6, 16], "texture": "#0"},
				"down": {"uv": [0, 15, 6, 16], "texture": "#0"}
			}
		},
		{
			"from": [5.89066, 7.7391, 6.75],
			"to": [9.89066, 8.7391, 7.75],
			"rotation": {"angle": 0, "axis": "z", "origin": [9.89066, 9.0391, 7.5]},
			"faces": {
				"north": {"uv": [0, 14, 6, 15], "texture": "#0"},
				"east": {"uv": [0, 14, 1, 15], "texture": "#0"},
				"south": {"uv": [0, 14, 6, 15], "texture": "#0"},
				"west": {"uv": [0, 14, 1, 15], "texture": "#0"},
				"up": {"uv": [0, 14, 6, 14.5], "texture": "#0"},
				"down": {"uv": [0, 14, 6, 14.5], "texture": "#0"}
			}
		},
		{
			"from": [5.89066, 6.2391, 6.75],
			"to": [9.89066, 7.2391, 7.75],
			"rotation": {"angle": 0, "axis": "z", "origin": [9.89066, 9.0391, 7.5]},
			"faces": {
				"north": {"uv": [0, 15, 6, 14], "texture": "#0"},
				"east": {"uv": [0, 14, 1, 15], "texture": "#0"},
				"south": {"uv": [0, 14, 6, 15], "texture": "#0"},
				"west": {"uv": [0, 14, 1, 15], "texture": "#0"},
				"up": {"uv": [0, 14, 6, 14.5], "texture": "#0"},
				"down": {"uv": [0, 14, 6, 14.5], "texture": "#0"}
			}
		},
		{
			"from": [6.5, 3, 6.75],
			"to": [9.5, 5, 6.75],
			"faces": {
				"north": {"uv": [12, 13, 15.5, 15.5], "texture": "#0"},
				"east": {"uv": [0, 0, 0, 2], "texture": "#0"},
				"south": {"uv": [12, 13, 15.5, 15.5], "texture": "#0"},
				"west": {"uv": [0, 0, 0, 2], "texture": "#0"},
				"up": {"uv": [0, 0, 3, 0], "texture": "#0"},
				"down": {"uv": [0, 0, 3, 0], "texture": "#0"}
			}
		}
	],
	"display": {
		"thirdperson_righthand": {
			"rotation": [0, -90, 0],
			"translation": [0, 2, 0]
		},
		"thirdperson_lefthand": {
			"rotation": [0, -90, 0],
			"translation": [0, 2, 0]
		},
		"firstperson_righthand": {
			"translation": [4, 2.5, 0]
		},
		"firstperson_lefthand": {
			"translation": [4, 2.5, 0]
		},
		"ground": {
			"translation": [0, 9.25, 0]
		},
		"gui": {
			"rotation": [-180, 0, -180],
			"translation": [0, -0.5, 0],
			"scale": [0.7, 0.7, 0.7]
		},
		"head": {
			"translation": [20.25, 8, 10.25],
			"scale": [1.5, 1.5, 1.5]
		},
		"fixed": {
			"translation": [0, 0, -1.25],
			"scale": [2, 2, 2]
		}
	},
	"groups": [
		{
			"name": "triangle",
			"origin": [8, 8, 8],
			"color": 0,
			"children": [0, 1, 2, 3, 4, 5, 6, 7, 8, 9, 10, 11, 12, 13]
		},
		{
			"name": "group",
			"origin": [8, 8, 8],
			"color": 0,
			"children": [14, 15, 16, 17, 18, 19, 20, 21, 22, 23, 24, 25]
		}
	]
}