{
  "parent": "minecraft:block/orientable",
  "textures": {
    "top": "minecraft:block/pumpkin_top",
    "front": "minecraft:block/carved_pumpkin",
    "side": "minecraft:block/pumpkin_side"
  },
    "overrides": [
        {"predicate": {"custom_model_data": 1}, "model": "item/belos"},
        {"predicate": {"custom_model_data": 2}, "model": "item/kingskull"},
        {"predicate": {"custom_model_data": 3}, "model": "item/kingandrias"},
        {"predicate": {"custom_model_data": 4}, "model": "item/hoot"}
    ]
}