{
	"credit": "Made with Blockbench",
	"textures": {
		"0": "item/darcyhelm",
		"1": "item/darcyeyes",
		"particle": "item/darcyhelm"
	},
	"elements": [
		{
			"from": [5, 0, 12],
			"to": [11, 8, 13],
			"faces": {
				"north": {"uv": [0, 4.5, 1.5, 6.5], "texture": "#0"},
				"east": {"uv": [7, 1.75, 7.25, 3.75], "texture": "#0"},
				"south": {"uv": [4.5, 0, 6, 2], "texture": "#0"},
				"west": {"uv": [7.5, 1.75, 7.75, 3.75], "texture": "#0"},
				"up": {"uv": [9.25, 1.25, 7.75, 1], "texture": "#0"},
				"down": {"uv": [9.5, 1.5, 8, 1.75], "texture": "#0"}
			}
		},
		{
			"from": [4, 0, 5],
			"to": [5, 8, 13],
			"faces": {
				"north": {"uv": [7.5, 4, 7.75, 6], "texture": "#0"},
				"east": {"uv": [0, 0, 2, 2], "texture": "#0"},
				"south": {"uv": [5, 7.5, 5.25, 9.5], "texture": "#0"},
				"west": {"uv": [0, 2.25, 2, 4.25], "texture": "#0"},
				"up": {"uv": [5.75, 9.5, 5.5, 7.5], "texture": "#0"},
				"down": {"uv": [6.25, 7.5, 6, 9.5], "texture": "#0"}
			}
		},
		{
			"from": [11, 0, 5],
			"to": [12, 8, 13],
			"faces": {
				"north": {"uv": [7.5, 6.25, 7.75, 8.25], "texture": "#0"},
				"east": {"uv": [2.25, 0, 4.25, 2], "texture": "#0"},
				"south": {"uv": [6.5, 7.5, 6.75, 9.5], "texture": "#0"},
				"west": {"uv": [2.25, 2.25, 4.25, 4.25], "texture": "#0"},
				"up": {"uv": [7.25, 9.5, 7, 7.5], "texture": "#0"},
				"down": {"uv": [3.5, 7.75, 3.25, 9.75], "texture": "#0"}
			}
		},
		{
			"from": [5, 7, 5],
			"to": [11, 8, 12],
			"faces": {
				"north": {"uv": [8, 2, 9.5, 2.25], "texture": "#0"},
				"east": {"uv": [7.75, 0, 9.5, 0.25], "texture": "#0"},
				"south": {"uv": [8, 2.5, 9.5, 2.75], "texture": "#0"},
				"west": {"uv": [7.75, 0.5, 9.5, 0.75], "texture": "#0"},
				"up": {"uv": [3.25, 6.25, 1.75, 4.5], "texture": "#0"},
				"down": {"uv": [6, 2.25, 4.5, 4], "texture": "#0"}
			}
		},
		{
			"from": [5, 2, 5],
			"to": [11, 7, 6],
			"faces": {
				"north": {"uv": [3.5, 4.5, 5, 5.75], "texture": "#0"},
				"east": {"uv": [8.5, 4, 8.75, 5.25], "texture": "#0"},
				"south": {"uv": [5.25, 4.25, 6.75, 5.5], "texture": "#0"},
				"west": {"uv": [8.5, 5.5, 8.75, 6.75], "texture": "#0"},
				"up": {"uv": [9.5, 3.25, 8, 3], "texture": "#0"},
				"down": {"uv": [9.5, 3.5, 8, 3.75], "texture": "#0"}
			}
		},
		{
			"from": [4, 0, 4.7],
			"to": [12, 8, 4.7],
			"faces": {
				"north": {"uv": [0, 0, 9, 8], "texture": "#1"},
				"east": {"uv": [0, 0, 0, 8], "texture": "#1"},
				"south": {"uv": [0, 8, 8, 16], "texture": "#1"},
				"west": {"uv": [0, 0, 0, 8], "texture": "#1"},
				"up": {"uv": [8, 0, 0, 0], "texture": "#1"},
				"down": {"uv": [8, 0, 0, 0], "texture": "#1"}
			}
		},
		{
			"from": [7, 1, 5],
			"to": [9, 2, 6],
			"faces": {
				"north": {"uv": [6.25, 3.5, 6.75, 3.75], "texture": "#0"},
				"east": {"uv": [10.25, 0, 10.5, 0.25], "texture": "#0"},
				"south": {"uv": [6.75, 9.75, 7.25, 10], "texture": "#0"},
				"west": {"uv": [0.5, 10.25, 0.75, 10.5], "texture": "#0"},
				"up": {"uv": [2, 10.25, 1.5, 10], "texture": "#0"},
				"down": {"uv": [2.75, 10, 2.25, 10.25], "texture": "#0"}
			}
		},
		{
			"from": [12, 4, 10],
			"to": [13, 10, 12],
			"faces": {
				"north": {"uv": [4.25, 7.75, 4.5, 9.25], "texture": "#0"},
				"east": {"uv": [4.25, 6, 4.75, 7.5], "texture": "#0"},
				"south": {"uv": [8, 4, 8.25, 5.5], "texture": "#0"},
				"west": {"uv": [6, 5.75, 6.5, 7.25], "texture": "#0"},
				"up": {"uv": [10.25, 4.25, 10, 3.75], "texture": "#0"},
				"down": {"uv": [10.25, 4.5, 10, 5], "texture": "#0"}
			}
		},
		{
			"from": [12, 3, 6],
			"to": [13, 7, 7],
			"faces": {
				"north": {"uv": [8.5, 7, 8.75, 8], "texture": "#0"},
				"east": {"uv": [7.5, 8.5, 7.75, 9.5], "texture": "#0"},
				"south": {"uv": [8.5, 8.25, 8.75, 9.25], "texture": "#0"},
				"west": {"uv": [9, 4, 9.25, 5], "texture": "#0"},
				"up": {"uv": [10.5, 0.75, 10.25, 0.5], "texture": "#0"},
				"down": {"uv": [1.25, 10.25, 1, 10.5], "texture": "#0"}
			}
		},
		{
			"from": [13, 5, 7],
			"to": [14, 9, 8],
			"faces": {
				"north": {"uv": [9, 5.25, 9.25, 6.25], "texture": "#0"},
				"east": {"uv": [9, 6.5, 9.25, 7.5], "texture": "#0"},
				"south": {"uv": [9, 7.75, 9.25, 8.75], "texture": "#0"},
				"west": {"uv": [9, 9, 9.25, 10], "texture": "#0"},
				"up": {"uv": [10.5, 1.25, 10.25, 1], "texture": "#0"},
				"down": {"uv": [10.5, 1.5, 10.25, 1.75], "texture": "#0"}
			}
		},
		{
			"from": [2, 5, 7],
			"to": [3, 9, 8],
			"rotation": {"angle": 0, "axis": "y", "origin": [16, 0, 0]},
			"faces": {
				"north": {"uv": [8, 9.25, 8.25, 10.25], "texture": "#0"},
				"east": {"uv": [3.75, 9.5, 4, 10.5], "texture": "#0"},
				"south": {"uv": [9.5, 4, 9.75, 5], "texture": "#0"},
				"west": {"uv": [4.25, 9.5, 4.5, 10.5], "texture": "#0"},
				"up": {"uv": [10.5, 2.25, 10.25, 2], "texture": "#0"},
				"down": {"uv": [10.5, 2.5, 10.25, 2.75], "texture": "#0"}
			}
		},
		{
			"from": [2, 15, 14],
			"to": [3, 19, 15],
			"rotation": {"angle": 0, "axis": "y", "origin": [16, 0, 0]},
			"faces": {
				"north": {"uv": [9.5, 5.25, 9.75, 6.25], "texture": "#0"},
				"east": {"uv": [9.5, 6.5, 9.75, 7.5], "texture": "#0"},
				"south": {"uv": [9.5, 7.75, 9.75, 8.75], "texture": "#0"},
				"west": {"uv": [8.5, 9.5, 8.75, 10.5], "texture": "#0"},
				"up": {"uv": [10.5, 3.25, 10.25, 3], "texture": "#0"},
				"down": {"uv": [7, 10.25, 6.75, 10.5], "texture": "#0"}
			}
		},
		{
			"from": [13, 15, 14],
			"to": [14, 19, 15],
			"rotation": {"angle": 0, "axis": "y", "origin": [16, 0, 0]},
			"faces": {
				"north": {"uv": [9.5, 9, 9.75, 10], "texture": "#0"},
				"east": {"uv": [9.75, 0, 10, 1], "texture": "#0"},
				"south": {"uv": [9.75, 1.25, 10, 2.25], "texture": "#0"},
				"west": {"uv": [9.75, 2.5, 10, 3.5], "texture": "#0"},
				"up": {"uv": [9.25, 10.5, 9, 10.25], "texture": "#0"},
				"down": {"uv": [9.75, 10.25, 9.5, 10.5], "texture": "#0"}
			}
		},
		{
			"from": [3, 3, 6],
			"to": [4, 7, 7],
			"rotation": {"angle": 0, "axis": "y", "origin": [16, 0, 0]},
			"faces": {
				"north": {"uv": [4.75, 9.75, 5, 10.75], "texture": "#0"},
				"east": {"uv": [5.25, 9.75, 5.5, 10.75], "texture": "#0"},
				"south": {"uv": [5.75, 9.75, 6, 10.75], "texture": "#0"},
				"west": {"uv": [6.25, 9.75, 6.5, 10.75], "texture": "#0"},
				"up": {"uv": [1.75, 10.75, 1.5, 10.5], "texture": "#0"},
				"down": {"uv": [2.25, 10.5, 2, 10.75], "texture": "#0"}
			}
		},
		{
			"from": [13, 7, 11],
			"to": [14, 13, 13],
			"faces": {
				"north": {"uv": [8, 5.75, 8.25, 7.25], "texture": "#0"},
				"east": {"uv": [6.25, 0, 6.75, 1.5], "texture": "#0"},
				"south": {"uv": [8, 7.5, 8.25, 9], "texture": "#0"},
				"west": {"uv": [6.25, 1.75, 6.75, 3.25], "texture": "#0"},
				"up": {"uv": [10.25, 5.75, 10, 5.25], "texture": "#0"},
				"down": {"uv": [10.25, 6, 10, 6.5], "texture": "#0"}
			}
		},
		{
			"from": [14, 11, 12],
			"to": [15, 17, 14],
			"faces": {
				"north": {"uv": [1.5, 8.25, 1.75, 9.75], "texture": "#0"},
				"east": {"uv": [1.75, 6.5, 2.25, 8], "texture": "#0"},
				"south": {"uv": [2, 8.25, 2.25, 9.75], "texture": "#0"},
				"west": {"uv": [2.5, 6.5, 3, 8], "texture": "#0"},
				"up": {"uv": [10.25, 7.25, 10, 6.75], "texture": "#0"},
				"down": {"uv": [10.25, 7.5, 10, 8], "texture": "#0"}
			}
		},
		{
			"from": [1, 11, 12],
			"to": [2, 17, 14],
			"rotation": {"angle": 0, "axis": "y", "origin": [16, 0, 0]},
			"faces": {
				"north": {"uv": [2.5, 8.25, 2.75, 9.75], "texture": "#0"},
				"east": {"uv": [0, 6.75, 0.5, 8.25], "texture": "#0"},
				"south": {"uv": [0, 8.5, 0.25, 10], "texture": "#0"},
				"west": {"uv": [0.75, 6.75, 1.25, 8.25], "texture": "#0"},
				"up": {"uv": [10.25, 8.75, 10, 8.25], "texture": "#0"},
				"down": {"uv": [10.25, 9, 10, 9.5], "texture": "#0"}
			}
		},
		{
			"from": [3, 4, 10],
			"to": [4, 10, 12],
			"rotation": {"angle": 0, "axis": "y", "origin": [16, 0, 0]},
			"faces": {
				"north": {"uv": [0.5, 8.5, 0.75, 10], "texture": "#0"},
				"east": {"uv": [6.75, 5.75, 7.25, 7.25], "texture": "#0"},
				"south": {"uv": [1, 8.5, 1.25, 10], "texture": "#0"},
				"west": {"uv": [7, 0, 7.5, 1.5], "texture": "#0"},
				"up": {"uv": [10.25, 10.25, 10, 9.75], "texture": "#0"},
				"down": {"uv": [0.25, 10.25, 0, 10.75], "texture": "#0"}
			}
		},
		{
			"from": [2, 7, 11],
			"to": [3, 13, 13],
			"rotation": {"angle": 0, "axis": "y", "origin": [16, 0, 0]},
			"faces": {
				"north": {"uv": [7, 4, 7.25, 5.5], "texture": "#0"},
				"east": {"uv": [5.25, 5.75, 5.75, 7.25], "texture": "#0"},
				"south": {"uv": [3.75, 7.75, 4, 9.25], "texture": "#0"},
				"west": {"uv": [3.5, 6, 4, 7.5], "texture": "#0"},
				"up": {"uv": [7.75, 10.25, 7.5, 9.75], "texture": "#0"},
				"down": {"uv": [3.25, 10, 3, 10.5], "texture": "#0"}
			}
		}
	],
	"gui_light": "front",
	"display": {
		"thirdperson_righthand": {
			"rotation": [0, -90, 0],
			"translation": [2.5, 1, -0.25]
		},
		"thirdperson_lefthand": {
			"rotation": [0, -90, 0],
			"translation": [2.5, 1, -0.25]
		},
		"firstperson_righthand": {
			"translation": [0, 3.25, 0.5],
			"scale": [0.8, 0.8, 0.8]
		},
		"firstperson_lefthand": {
			"translation": [0, 3.25, 0.5],
			"scale": [0.8, 0.8, 0.8]
		},
		"ground": {
			"rotation": [23, 0, 21],
			"translation": [0, 8, 0]
		},
		"gui": {
			"rotation": [0, 180, 0]
		},
		"head": {
			"translation": [0, 8, -2],
			"scale": [1.85, 1.85, 1.85]
		},
		"fixed": {
			"rotation": [-89, 0, 0],
			"translation": [0, -2.25, -23.25],
			"scale": [2.8, 2.8, 2.8]
		}
	},
	"groups": [
		{
			"name": "group",
			"origin": [0, 0, 0],
			"color": 0,
			"children": [0, 1, 2, 3, 4, 5, 6]
		},
		7,
		8,
		9,
		10,
		11,
		12,
		13,
		14,
		15,
		16,
		17,
		18
	]
}