{
	"credit": "Made with Blockbench",
	"texture_size": [32, 32],
	"textures": {
		"0": "hattextures/dippyhat",
		"particle": "hattextures/dippyhat"
	},
	"elements": [
		{
			"from": [4, 0, 6],
			"to": [12, 4, 14],
			"faces": {
				"north": {"uv": [9.5, 0, 16, 4.5], "texture": "#0"},
				"east": {"uv": [4, 2, 8, 4], "texture": "#0"},
				"south": {"uv": [0, 0, 4, 2], "texture": "#0"},
				"west": {"uv": [0, 2, 4, 4], "texture": "#0"},
				"up": {"uv": [4, 4, 8, 8], "texture": "#0"},
				"down": {"uv": [0, 4, 4, 8], "texture": "#0"}
			}
		},
		{
			"from": [4, 0, 2],
			"to": [12, 1, 6],
			"faces": {
				"north": {"uv": [0, 14, 4, 14.5], "texture": "#0"},
				"east": {"uv": [0, 14, 2, 14.5], "texture": "#0"},
				"south": {"uv": [0, 14, 4, 14.5], "texture": "#0"},
				"west": {"uv": [0, 14, 2, 14.5], "texture": "#0"},
				"up": {"uv": [0, 14, 4, 16], "texture": "#0"},
				"down": {"uv": [0, 14, 4, 16], "texture": "#0"}
			}
		},
		{
			"from": [5, 0, 1],
			"to": [11, 1, 2],
			"faces": {
				"north": {"uv": [0, 15.5, 3, 16], "texture": "#0"},
				"east": {"uv": [0, 15.5, 0.5, 16], "texture": "#0"},
				"south": {"uv": [0, 15.5, 3, 16], "texture": "#0"},
				"west": {"uv": [0, 15.5, 0.5, 16], "texture": "#0"},
				"up": {"uv": [0, 15.5, 3, 16], "texture": "#0"},
				"down": {"uv": [0, 15.5, 3, 16], "texture": "#0"}
			}
		}
	],
	"display": {
		"thirdperson_righthand": {
			"rotation": [0, 0, -90],
			"translation": [6, -2, 0]
		},
		"thirdperson_lefthand": {
			"rotation": [0, 0, -90],
			"translation": [6, -2, 0]
		},
		"firstperson_righthand": {
			"translation": [3.25, 5.5, 0]
		},
		"firstperson_lefthand": {
			"translation": [3.25, 5.5, 0]
		},
		"ground": {
			"translation": [0, 5, 0]
		},
		"gui": {
			"rotation": [-159.5, 37, 180],
			"translation": [0, 4, 0]
		},
		"head": {
			"translation": [0, 14.75, -3.75],
			"scale": [1.85, 1.85, 1.85]
		},
		"fixed": {
			"rotation": [-90, 0, 0],
			"translation": [0, 0, -16.75],
			"scale": [2, 2, 2]
		}
	},
	"groups": [
		{
			"name": "group",
			"origin": [0, 0, 0],
			"color": 0,
			"children": [0, 1, 2]
		}
	]
}