{
	"credit": "Made with Blockbench",
	"texture_size": [64, 64],
	"textures": {
		"0": "item/farm",
		"particle": "item/farm"
	},
	"elements": [
		{
			"from": [4, -0.1, 4],
			"to": [12, 4.9, 12],
			"rotation": {"angle": 0, "axis": "y", "origin": [6.875, 7.60783, 7.5]},
			"faces": {
				"north": {"uv": [14, 14, 16, 15.25], "texture": "#0"},
				"east": {"uv": [14, 14, 16, 15.25], "texture": "#0"},
				"south": {"uv": [14, 14, 16, 15.25], "texture": "#0"},
				"west": {"uv": [14, 14, 16, 15.25], "texture": "#0"},
				"up": {"uv": [14, 14, 16, 16], "texture": "#0"},
				"down": {"uv": [14, 13.5, 16, 15.5], "texture": "#0"}
			}
		},
		{
			"from": [4, 7.6, 4],
			"to": [12, 7.6, 12],
			"rotation": {"angle": 0, "axis": "y", "origin": [6.875, 7.60783, 7.5]},
			"faces": {
				"north": {"uv": [14, 0, 16, 0], "texture": "#0"},
				"east": {"uv": [14, 0, 16, 0], "texture": "#0"},
				"south": {"uv": [14, 0, 16, 0], "texture": "#0"},
				"west": {"uv": [14, 0, 16, 0], "texture": "#0"},
				"up": {"uv": [14, 0, 16, 2], "texture": "#0"},
				"down": {"uv": [14, 0, 16, 2], "texture": "#0"}
			}
		},
		{
			"from": [5, 0, 3.5],
			"to": [11, 6, 4.5],
			"rotation": {"angle": 0, "axis": "y", "origin": [6.875, 7.60783, 7.5]},
			"faces": {
				"north": {"uv": [14.5, 14.5, 16, 16], "texture": "#0"},
				"east": {"uv": [14.5, 14.5, 14.75, 16], "texture": "#0"},
				"south": {"uv": [14.5, 14.5, 16, 16], "texture": "#0"},
				"west": {"uv": [14.5, 14.5, 14.75, 16], "texture": "#0"},
				"up": {"uv": [14.5, 14.5, 16, 14.75], "texture": "#0"},
				"down": {"uv": [14.5, 14.5, 16, 14.75], "texture": "#0"}
			}
		},
		{
			"from": [5, 0, 11.5],
			"to": [11, 5, 12.5],
			"rotation": {"angle": 0, "axis": "y", "origin": [6.875, 7.60783, 7.5]},
			"faces": {
				"north": {"uv": [14.5, 14.75, 16, 16], "texture": "#0"},
				"east": {"uv": [14.5, 14.75, 14.75, 16], "texture": "#0"},
				"south": {"uv": [14.5, 14.75, 16, 16], "texture": "#0"},
				"west": {"uv": [14.5, 14.75, 14.75, 16], "texture": "#0"},
				"up": {"uv": [14.5, 14.75, 16, 15], "texture": "#0"},
				"down": {"uv": [14.5, 14.75, 16, 15], "texture": "#0"}
			}
		},
		{
			"from": [4.5, 4, 12],
			"to": [11.5, 9, 13],
			"rotation": {"angle": 0, "axis": "y", "origin": [6.875, 7.60783, 7.5]},
			"faces": {
				"north": {"uv": [10.75, 14, 12.5, 15.25], "texture": "#0"},
				"east": {"uv": [10.75, 14, 11, 15.25], "texture": "#0"},
				"south": {"uv": [10.75, 14, 12.5, 15.25], "texture": "#0"},
				"west": {"uv": [10.75, 14, 11, 15.25], "texture": "#0"},
				"up": {"uv": [10.75, 14, 12.5, 14.25], "texture": "#0"},
				"down": {"uv": [10.75, 14, 12.5, 14.25], "texture": "#0"}
			}
		},
		{
			"from": [4.5, 9, 12],
			"to": [7.5, 10, 13],
			"rotation": {"angle": 0, "axis": "y", "origin": [6.875, 7.60783, 7.5]},
			"faces": {
				"north": {"uv": [10.75, 14, 11.5, 14.25], "texture": "#0"},
				"east": {"uv": [10.75, 14, 11, 14.25], "texture": "#0"},
				"south": {"uv": [10.75, 14, 11.5, 14.25], "texture": "#0"},
				"west": {"uv": [10.75, 14, 11, 14.25], "texture": "#0"},
				"up": {"uv": [10.75, 14, 11.5, 14.25], "texture": "#0"},
				"down": {"uv": [10.75, 14, 12.5, 14.25], "texture": "#0"}
			}
		},
		{
			"from": [7, 9, 3],
			"to": [10, 10, 4],
			"rotation": {"angle": 0, "axis": "y", "origin": [6.875, 7.60783, 7.5]},
			"faces": {
				"north": {"uv": [10.75, 14, 11.5, 14.25], "texture": "#0"},
				"east": {"uv": [10.75, 14, 11, 14.25], "texture": "#0"},
				"south": {"uv": [10.75, 14, 11.5, 14.25], "texture": "#0"},
				"west": {"uv": [10.75, 14, 11, 14.25], "texture": "#0"},
				"up": {"uv": [10.75, 14, 11.5, 14.25], "texture": "#0"},
				"down": {"uv": [10.75, 14, 12.5, 14.25], "texture": "#0"}
			}
		},
		{
			"from": [10, 4, 3],
			"to": [11, 9, 4],
			"rotation": {"angle": 0, "axis": "y", "origin": [6.875, 7.60783, 7.5]},
			"faces": {
				"north": {"uv": [10.75, 14, 11, 15.25], "texture": "#0"},
				"east": {"uv": [10.75, 14, 11, 15.25], "texture": "#0"},
				"south": {"uv": [10.75, 14, 11, 15.25], "texture": "#0"},
				"west": {"uv": [10.75, 14, 11, 15.25], "texture": "#0"},
				"up": {"uv": [10.75, 14, 11, 14.25], "texture": "#0"},
				"down": {"uv": [10.75, 14, 11, 14.25], "texture": "#0"}
			}
		},
		{
			"from": [5, 4, 3],
			"to": [6, 9, 4],
			"rotation": {"angle": 0, "axis": "y", "origin": [6.875, 7.60783, 7.5]},
			"faces": {
				"north": {"uv": [10.75, 14, 11, 15.25], "texture": "#0"},
				"east": {"uv": [10.75, 14, 11, 15.25], "texture": "#0"},
				"south": {"uv": [10.75, 14, 11, 15.25], "texture": "#0"},
				"west": {"uv": [10.75, 14, 11, 15.25], "texture": "#0"},
				"up": {"uv": [10.75, 14, 11, 14.25], "texture": "#0"},
				"down": {"uv": [10.75, 14, 11, 14.25], "texture": "#0"}
			}
		},
		{
			"from": [6, 6, 3],
			"to": [10, 9, 4],
			"rotation": {"angle": 0, "axis": "y", "origin": [6.875, 7.60783, 7.5]},
			"faces": {
				"north": {"uv": [10.75, 14, 11.75, 14.75], "texture": "#0"},
				"east": {"uv": [10.75, 14, 11, 14.75], "texture": "#0"},
				"south": {"uv": [10.75, 14, 11.75, 14.75], "texture": "#0"},
				"west": {"uv": [10.75, 14, 11, 14.75], "texture": "#0"},
				"up": {"uv": [10.75, 14, 11.75, 14.25], "texture": "#0"},
				"down": {"uv": [10.75, 14, 11.75, 14.25], "texture": "#0"}
			}
		},
		{
			"from": [6, 1.08183, 4.95493],
			"to": [10, 4.08183, 5.95493],
			"rotation": {"angle": 45, "axis": "x", "origin": [6.875, 7.60783, 7.5]},
			"faces": {
				"north": {"uv": [11.75, 14.25, 12.75, 15], "texture": "#0"},
				"east": {"uv": [11.75, 14.25, 12, 15], "texture": "#0"},
				"south": {"uv": [11.75, 14.25, 12.75, 15], "texture": "#0"},
				"west": {"uv": [11.75, 14.25, 12, 15], "texture": "#0"},
				"up": {"uv": [0, 0, 1, 0.25], "texture": "#0"},
				"down": {"uv": [11.75, 14.5, 12.75, 14.75], "texture": "#0"}
			}
		},
		{
			"from": [3.5, 0, 5],
			"to": [4.5, 5, 11],
			"rotation": {"angle": 0, "axis": "y", "origin": [6.875, 7.60783, 7.5]},
			"faces": {
				"north": {"uv": [14.5, 14.5, 14.75, 15.75], "texture": "#0"},
				"east": {"uv": [14.5, 14.5, 16, 15.75], "texture": "#0"},
				"south": {"uv": [14.5, 14.5, 14.75, 15.75], "texture": "#0"},
				"west": {"uv": [13.5, 14.75, 15, 16], "texture": "#0"},
				"up": {"uv": [14.5, 14.5, 14.75, 16], "texture": "#0"},
				"down": {"uv": [14.5, 14.5, 14.75, 16], "texture": "#0"}
			}
		},
		{
			"from": [3, 4.05783, 4.5],
			"to": [4, 9.05783, 11.5],
			"rotation": {"angle": 0, "axis": "y", "origin": [6.875, 7.60783, 7.5]},
			"faces": {
				"north": {"uv": [10.5, 13.5, 10.75, 14.75], "texture": "#0"},
				"east": {"uv": [10.5, 13.5, 12.25, 14.75], "texture": "#0"},
				"south": {"uv": [10.5, 13.5, 10.75, 14.75], "texture": "#0"},
				"west": {"uv": [10.5, 13.5, 12.25, 14.75], "texture": "#0"},
				"up": {"uv": [10.5, 13.5, 10.75, 15.25], "texture": "#0"},
				"down": {"uv": [10.5, 13.5, 10.75, 15.25], "texture": "#0"}
			}
		},
		{
			"from": [3, 9.05783, 5.5],
			"to": [4, 10.05783, 7.5],
			"rotation": {"angle": 0, "axis": "y", "origin": [6.875, 7.60783, 7.5]},
			"faces": {
				"north": {"uv": [10.5, 13.5, 10.75, 13.75], "texture": "#0"},
				"east": {"uv": [10.5, 13.5, 11, 13.75], "texture": "#0"},
				"south": {"uv": [10.5, 13.5, 10.75, 13.75], "texture": "#0"},
				"west": {"uv": [10.5, 13.5, 11, 13.75], "texture": "#0"},
				"up": {"uv": [10.5, 13.5, 10.75, 14], "texture": "#0"},
				"down": {"uv": [10.5, 13.5, 10.75, 14], "texture": "#0"}
			}
		},
		{
			"from": [12, 9.05783, 5.5],
			"to": [13, 10.05783, 7.5],
			"rotation": {"angle": 0, "axis": "y", "origin": [6.875, 7.60783, 7.5]},
			"faces": {
				"north": {"uv": [10.5, 13.5, 10.75, 13.75], "texture": "#0"},
				"east": {"uv": [10.5, 13.5, 11, 13.75], "texture": "#0"},
				"south": {"uv": [10.5, 13.5, 10.75, 13.75], "texture": "#0"},
				"west": {"uv": [10.5, 13.5, 11, 13.75], "texture": "#0"},
				"up": {"uv": [10.5, 13.5, 10.75, 14], "texture": "#0"},
				"down": {"uv": [10.5, 13.5, 10.75, 14], "texture": "#0"}
			}
		},
		{
			"from": [3, 9.05783, 9.5],
			"to": [4, 10.05783, 10.5],
			"rotation": {"angle": 0, "axis": "y", "origin": [6.875, 7.60783, 7.5]},
			"faces": {
				"north": {"uv": [10.5, 13.5, 10.75, 13.75], "texture": "#0"},
				"east": {"uv": [10.5, 13.5, 10.75, 13.75], "texture": "#0"},
				"south": {"uv": [10.5, 13.5, 10.75, 13.75], "texture": "#0"},
				"west": {"uv": [10.5, 13.5, 10.75, 13.75], "texture": "#0"},
				"up": {"uv": [10.5, 13.5, 10.75, 13.75], "texture": "#0"},
				"down": {"uv": [10.5, 13.5, 10.75, 13.75], "texture": "#0"}
			}
		},
		{
			"from": [9.5, 9.05783, 12],
			"to": [10.5, 10.05783, 13],
			"rotation": {"angle": 0, "axis": "y", "origin": [6.875, 7.60783, 7.5]},
			"faces": {
				"north": {"uv": [10.5, 13.5, 10.75, 13.75], "texture": "#0"},
				"east": {"uv": [10.5, 13.5, 10.75, 13.75], "texture": "#0"},
				"south": {"uv": [10.5, 13.5, 10.75, 13.75], "texture": "#0"},
				"west": {"uv": [10.5, 13.5, 10.75, 13.75], "texture": "#0"},
				"up": {"uv": [10.5, 13.5, 10.75, 13.75], "texture": "#0"},
				"down": {"uv": [10.5, 13.5, 10.75, 13.75], "texture": "#0"}
			}
		},
		{
			"from": [12, 9.05783, 8.5],
			"to": [13, 10.05783, 9.5],
			"rotation": {"angle": 0, "axis": "y", "origin": [6.875, 7.60783, 7.5]},
			"faces": {
				"north": {"uv": [10.5, 13.5, 10.75, 13.75], "texture": "#0"},
				"east": {"uv": [10.5, 13.5, 10.75, 13.75], "texture": "#0"},
				"south": {"uv": [10.5, 13.5, 10.75, 13.75], "texture": "#0"},
				"west": {"uv": [10.5, 13.5, 10.75, 13.75], "texture": "#0"},
				"up": {"uv": [10.5, 13.5, 10.75, 13.75], "texture": "#0"},
				"down": {"uv": [10.5, 13.5, 10.75, 13.75], "texture": "#0"}
			}
		},
		{
			"from": [2, 4.05783, 6.5],
			"to": [3, 6.05783, 9.5],
			"rotation": {"angle": 0, "axis": "y", "origin": [6.875, 7.60783, 7.5]},
			"faces": {
				"north": {"uv": [15.25, 13, 15.5, 13.5], "texture": "#0"},
				"east": {"uv": [15.25, 13, 16, 13.5], "texture": "#0"},
				"south": {"uv": [15.25, 13, 15.5, 13.5], "texture": "#0"},
				"west": {"uv": [13.25, 13, 14, 13.5], "texture": "#0"},
				"up": {"uv": [15.25, 13, 15.5, 13.75], "texture": "#0"},
				"down": {"uv": [15.25, 13, 15.5, 13.75], "texture": "#0"}
			}
		},
		{
			"from": [2, 6.05783, 7.5],
			"to": [3, 7.05783, 8.5],
			"rotation": {"angle": 0, "axis": "y", "origin": [6.875, 7.60783, 7.5]},
			"faces": {
				"north": {"uv": [14, 13.25, 14.25, 13.5], "texture": "#0"},
				"east": {"uv": [14, 13.25, 14.25, 13.5], "texture": "#0"},
				"south": {"uv": [14, 13.25, 14.25, 13.5], "texture": "#0"},
				"west": {"uv": [14, 13.25, 14.25, 13.5], "texture": "#0"},
				"up": {"uv": [14, 13.25, 14.25, 13.5], "texture": "#0"},
				"down": {"uv": [14, 13.25, 14.25, 13.5], "texture": "#0"}
			}
		},
		{
			"from": [3.9, 4.85783, 3.9],
			"to": [5.9, 8.85783, 4.9],
			"rotation": {"angle": 0, "axis": "y", "origin": [6.875, 7.60783, 7.5]},
			"faces": {
				"north": {"uv": [11.75, 14, 12.25, 15], "texture": "#0"},
				"east": {"uv": [11.75, 14, 12, 15], "texture": "#0"},
				"south": {"uv": [11.75, 14, 12.25, 15], "texture": "#0"},
				"west": {"uv": [11.75, 14, 12, 15], "texture": "#0"},
				"up": {"uv": [11.75, 14, 12.25, 14.25], "texture": "#0"},
				"down": {"uv": [11.75, 14, 12.25, 14.25], "texture": "#0"}
			}
		},
		{
			"from": [8, 11.85783, 6],
			"to": [9, 14.85783, 7],
			"rotation": {"angle": 0, "axis": "y", "origin": [6.875, 7.60783, 7.5]},
			"faces": {
				"north": {"uv": [10.75, 13.5, 11, 14.25], "texture": "#0"},
				"east": {"uv": [10.75, 13.5, 11, 14.25], "texture": "#0"},
				"south": {"uv": [10.75, 13.5, 11, 14.25], "texture": "#0"},
				"west": {"uv": [10.75, 13.5, 11, 14.25], "texture": "#0"},
				"up": {"uv": [10.75, 13.5, 11, 13.75], "texture": "#0"},
				"down": {"uv": [10.75, 13.5, 11, 13.75], "texture": "#0"}
			}
		},
		{
			"from": [3.9, 4.85783, 11.1],
			"to": [4.9, 8.85783, 12.1],
			"rotation": {"angle": 0, "axis": "y", "origin": [6.875, 7.60783, 7.5]},
			"faces": {
				"north": {"uv": [10.75, 14, 11, 15], "texture": "#0"},
				"east": {"uv": [10.75, 14, 11, 15], "texture": "#0"},
				"south": {"uv": [10.75, 14, 11, 15], "texture": "#0"},
				"west": {"uv": [10.75, 14, 11, 15], "texture": "#0"},
				"up": {"uv": [10.75, 14, 11, 14.25], "texture": "#0"},
				"down": {"uv": [10.75, 14, 11, 14.25], "texture": "#0"}
			}
		},
		{
			"from": [0.75, -0.14217, 10.75],
			"to": [1.75, 3.85783, 11.75],
			"rotation": {"angle": 0, "axis": "y", "origin": [6.875, 7.60783, 7.5]},
			"faces": {
				"north": {"uv": [12.25, 14.75, 12.5, 15.75], "texture": "#0"},
				"east": {"uv": [12.25, 14.75, 12.5, 15.75], "texture": "#0"},
				"south": {"uv": [12.25, 14.75, 12.5, 15.75], "texture": "#0"},
				"west": {"uv": [12.25, 14.75, 12.5, 15.75], "texture": "#0"},
				"up": {"uv": [0, 0, 0.25, 0.25], "texture": "#0"},
				"down": {"uv": [0, 0, 0.25, 0.25], "texture": "#0"}
			}
		},
		{
			"from": [0.04392, 5.12336, 10.75],
			"to": [6.04392, 6.12336, 11.75],
			"rotation": {"angle": -22.5, "axis": "z", "origin": [6.875, 7.60783, 7.5]},
			"faces": {
				"north": {"uv": [10.75, 13.5, 11, 15], "rotation": 90, "texture": "#0"},
				"east": {"uv": [10.75, 13.5, 11, 13.75], "rotation": 270, "texture": "#0"},
				"south": {"uv": [10.75, 13.5, 11, 15], "rotation": 270, "texture": "#0"},
				"west": {"uv": [10.75, 13.5, 11, 13.75], "rotation": 270, "texture": "#0"},
				"up": {"uv": [10.75, 13.5, 11, 15], "rotation": 270, "texture": "#0"},
				"down": {"uv": [10.75, 13.5, 11, 15], "rotation": 270, "texture": "#0"}
			}
		},
		{
			"from": [2.04392, 4.87336, 11],
			"to": [6.04392, 5.87336, 12],
			"rotation": {"angle": -22.5, "axis": "z", "origin": [6.875, 7.60783, 7.5]},
			"faces": {
				"north": {"uv": [10.75, 13.5, 11, 14.5], "rotation": 90, "texture": "#0"},
				"east": {"uv": [10.75, 13.5, 11, 13.75], "rotation": 270, "texture": "#0"},
				"south": {"uv": [10.75, 13.5, 11, 14.5], "rotation": 270, "texture": "#0"},
				"west": {"uv": [10.75, 13.5, 11, 13.75], "rotation": 270, "texture": "#0"},
				"up": {"uv": [10.75, 13.5, 11, 14.5], "rotation": 270, "texture": "#0"},
				"down": {"uv": [10.75, 13.5, 11, 14.5], "rotation": 270, "texture": "#0"}
			}
		},
		{
			"from": [11.1, 4.85783, 11.1],
			"to": [12.1, 8.85783, 12.1],
			"rotation": {"angle": 0, "axis": "y", "origin": [6.875, 7.60783, 7.5]},
			"faces": {
				"north": {"uv": [10.75, 14, 11, 15], "texture": "#0"},
				"east": {"uv": [10.75, 14, 11, 15], "texture": "#0"},
				"south": {"uv": [10.75, 14, 11, 15], "texture": "#0"},
				"west": {"uv": [10.75, 14, 11, 15], "texture": "#0"},
				"up": {"uv": [10.75, 14, 11, 14.25], "texture": "#0"},
				"down": {"uv": [10.75, 14, 11, 14.25], "texture": "#0"}
			}
		},
		{
			"from": [10.1, 4.85783, 3.9],
			"to": [12.1, 8.85783, 4.9],
			"rotation": {"angle": 0, "axis": "y", "origin": [6.875, 7.60783, 7.5]},
			"faces": {
				"north": {"uv": [10.75, 14, 11.25, 15], "texture": "#0"},
				"east": {"uv": [10.75, 14, 11, 15], "texture": "#0"},
				"south": {"uv": [10.75, 14, 11.25, 15], "texture": "#0"},
				"west": {"uv": [10.75, 14, 11, 15], "texture": "#0"},
				"up": {"uv": [10.75, 14, 11.25, 14.25], "texture": "#0"},
				"down": {"uv": [10.75, 14, 11.25, 14.25], "texture": "#0"}
			}
		},
		{
			"from": [12, 4.05783, 4.5],
			"to": [13, 9.05783, 11.5],
			"rotation": {"angle": 0, "axis": "y", "origin": [6.875, 7.60783, 7.5]},
			"faces": {
				"north": {"uv": [10.75, 14, 11, 15.25], "texture": "#0"},
				"east": {"uv": [10.75, 14, 12.5, 15.25], "texture": "#0"},
				"south": {"uv": [10.75, 14, 11, 15.25], "texture": "#0"},
				"west": {"uv": [10.75, 14, 12.5, 15.25], "texture": "#0"},
				"up": {"uv": [10.75, 14, 11, 15.75], "texture": "#0"},
				"down": {"uv": [10.75, 14, 11, 15.75], "texture": "#0"}
			}
		},
		{
			"from": [5.75, 7.05783, 6],
			"to": [9.75, 12.05783, 10],
			"rotation": {"angle": 0, "axis": "y", "origin": [6.875, 7.60783, 7.5]},
			"faces": {
				"north": {"uv": [1, 2, 2.25, 3.5], "texture": "#0"},
				"east": {"uv": [1, 2, 2.25, 3.5], "texture": "#0"},
				"south": {"uv": [1, 2, 2.25, 3.5], "texture": "#0"},
				"west": {"uv": [2.25, 0, 3.5, 1.5], "texture": "#0"},
				"up": {"uv": [1.25, 0, 2.25, 1], "texture": "#0"},
				"down": {"uv": [1.25, 0, 2.25, 1], "texture": "#0"}
			}
		},
		{
			"from": [5.75, 12.05783, 7],
			"to": [9.75, 13.05783, 9],
			"rotation": {"angle": 0, "axis": "y", "origin": [6.875, 7.60783, 7.5]},
			"faces": {
				"north": {"uv": [0, 0, 1, 0.25], "texture": "#0"},
				"east": {"uv": [0, 0, 0.5, 0.25], "texture": "#0"},
				"south": {"uv": [0, 0, 1, 0.25], "texture": "#0"},
				"west": {"uv": [0, 0, 0.5, 0.25], "texture": "#0"},
				"up": {"uv": [0, 0, 1, 0.5], "texture": "#0"},
				"down": {"uv": [0, 0, 1, 0.5], "texture": "#0"}
			}
		},
		{
			"from": [4.75, 8.54735, 3.29774],
			"to": [10.75, 12.54735, 4.29774],
			"rotation": {"angle": 45, "axis": "x", "origin": [6.875, 7.60783, 7.5]},
			"faces": {
				"north": {"uv": [14.5, 3.75, 16, 4.75], "texture": "#0"},
				"east": {"uv": [14.5, 3.75, 14.75, 4.75], "texture": "#0"},
				"south": {"uv": [14.5, 3.75, 16, 4.75], "texture": "#0"},
				"west": {"uv": [14.5, 3.75, 14.75, 4.75], "texture": "#0"},
				"up": {"uv": [14.5, 3.75, 16, 4], "texture": "#0"},
				"down": {"uv": [14.5, 3.75, 16, 4], "texture": "#0"}
			}
		},
		{
			"from": [4.75, 7.81009, 11.43952],
			"to": [10.75, 10.81009, 12.43952],
			"rotation": {"angle": -45, "axis": "x", "origin": [6.875, 7.60783, 7.5]},
			"faces": {
				"north": {"uv": [14.5, 3.75, 16, 4.5], "texture": "#0"},
				"east": {"uv": [14.5, 3.75, 14.75, 4.5], "texture": "#0"},
				"south": {"uv": [14.5, 3.75, 16, 4.5], "texture": "#0"},
				"west": {"uv": [14.5, 3.75, 14.75, 4.5], "texture": "#0"},
				"up": {"uv": [14.5, 3.75, 16, 4], "texture": "#0"},
				"down": {"uv": [14.5, 3.75, 16, 4], "texture": "#0"}
			}
		},
		{
			"from": [1.75, 4.37577, 6.93952],
			"to": [3.75, 7.37577, 7.93952],
			"rotation": {"angle": -45, "axis": "x", "origin": [6.875, 7.60783, 7.5]},
			"faces": {
				"north": {"uv": [1, 14.75, 1.5, 15.5], "texture": "#0"},
				"east": {"uv": [1, 14.75, 1.25, 15.5], "texture": "#0"},
				"south": {"uv": [1, 14.75, 1.5, 15.5], "texture": "#0"},
				"west": {"uv": [1, 14.75, 1.25, 15.5], "texture": "#0"},
				"up": {"uv": [1, 14.75, 1.5, 15], "texture": "#0"},
				"down": {"uv": [1, 14.75, 1.5, 15], "texture": "#0"}
			}
		},
		{
			"from": [1.75, 5.04735, 7.73205],
			"to": [3.75, 7.04735, 8.73205],
			"rotation": {"angle": 45, "axis": "x", "origin": [6.875, 7.60783, 7.5]},
			"faces": {
				"north": {"uv": [1, 14.75, 1.5, 15.25], "texture": "#0"},
				"east": {"uv": [1, 14.75, 1.25, 15.25], "texture": "#0"},
				"south": {"uv": [1, 14.75, 1.5, 15.25], "texture": "#0"},
				"west": {"uv": [1, 14.75, 1.25, 15.25], "texture": "#0"},
				"up": {"uv": [1, 14.75, 1.5, 15], "texture": "#0"},
				"down": {"uv": [1, 14.75, 1.5, 15], "texture": "#0"}
			}
		},
		{
			"from": [-1.46001, 5.56096, 5],
			"to": [2.53999, 6.56096, 11],
			"rotation": {"angle": 22.5, "axis": "z", "origin": [6.875, 7.60783, 7.5]},
			"faces": {
				"north": {"uv": [0, 14.5, 0.25, 15.5], "rotation": 270, "texture": "#0"},
				"east": {"uv": [0, 14.5, 0.25, 16], "rotation": 90, "texture": "#0"},
				"south": {"uv": [0, 14.5, 0.25, 15.5], "rotation": 90, "texture": "#0"},
				"west": {"uv": [0, 14.5, 0.25, 16], "rotation": 90, "texture": "#0"},
				"up": {"uv": [0, 13.5, 1.5, 14.5], "rotation": 90, "texture": "#0"},
				"down": {"uv": [1.5, 15, 3, 16], "rotation": 90, "texture": "#0"}
			}
		},
		{
			"from": [-0.46001, 5.56096, 4.1],
			"to": [3.53999, 6.56096, 5.1],
			"rotation": {"angle": 22.5, "axis": "z", "origin": [6.875, 7.60783, 7.5]},
			"faces": {
				"north": {"uv": [0, 15, 0.25, 16], "rotation": 270, "texture": "#0"},
				"east": {"uv": [0, 15, 0.25, 15.25], "rotation": 90, "texture": "#0"},
				"south": {"uv": [0, 15, 0.25, 16], "rotation": 90, "texture": "#0"},
				"west": {"uv": [0, 15, 0.25, 15.25], "rotation": 90, "texture": "#0"},
				"up": {"uv": [0, 13.5, 0.25, 14.5], "rotation": 90, "texture": "#0"},
				"down": {"uv": [2, 15, 2.25, 16], "rotation": 90, "texture": "#0"}
			}
		},
		{
			"from": [-0.46001, 5.56096, 10.9],
			"to": [3.53999, 6.56096, 11.9],
			"rotation": {"angle": 22.5, "axis": "z", "origin": [6.875, 7.60783, 7.5]},
			"faces": {
				"north": {"uv": [0, 15, 0.25, 16], "rotation": 270, "texture": "#0"},
				"east": {"uv": [0, 15, 0.25, 15.25], "rotation": 90, "texture": "#0"},
				"south": {"uv": [0, 15, 0.25, 16], "rotation": 90, "texture": "#0"},
				"west": {"uv": [0, 15, 0.25, 15.25], "rotation": 90, "texture": "#0"},
				"up": {"uv": [1.25, 13.5, 1.5, 14.5], "rotation": 90, "texture": "#0"},
				"down": {"uv": [2.25, 15, 2.5, 16], "rotation": 90, "texture": "#0"}
			}
		},
		{
			"from": [11.5, 0, 5],
			"to": [12.5, 5, 11],
			"rotation": {"angle": 0, "axis": "y", "origin": [6.875, 7.60783, 7.5]},
			"faces": {
				"north": {"uv": [14.5, 14.5, 14.75, 15.75], "texture": "#0"},
				"east": {"uv": [14.5, 14.5, 16, 15.75], "texture": "#0"},
				"south": {"uv": [14.5, 14.5, 14.75, 15.75], "texture": "#0"},
				"west": {"uv": [14.5, 14.5, 16, 15.75], "texture": "#0"},
				"up": {"uv": [14.5, 14.5, 14.75, 16], "texture": "#0"},
				"down": {"uv": [14.5, 14.5, 14.75, 16], "texture": "#0"}
			}
		}
	],
	"display": {
		"thirdperson_righthand": {
			"rotation": [0, -90, 0],
			"translation": [0, 1, 0],
			"scale": [0.7, 0.7, 0.7]
		},
		"thirdperson_lefthand": {
			"rotation": [0, 90, 0],
			"translation": [0, 1, 0],
			"scale": [0.7, 0.7, 0.7]
		},
		"firstperson_righthand": {
			"translation": [0, 2.5, 0]
		},
		"firstperson_lefthand": {
			"translation": [0, 2.5, 0]
		},
		"ground": {
			"translation": [0, 4.75, 0]
		},
		"gui": {
			"rotation": [18.23, 53.02, 2.77],
			"translation": [0, 1.25, 0]
		},
		"head": {
			"rotation": [0, -90, 0],
			"translation": [0, -12.75, 1.5],
			"scale": [4, 4, 4]
		},
		"fixed": {
			"rotation": [-90, -90, 0],
			"translation": [0, 0, -15.25],
			"scale": [2, 2, 2]
		}
	},
	"groups": [
		{
			"name": "group",
			"origin": [8, 8, 8],
			"color": 0,
			"children": [0, 1, 2, 3, 4, 5, 6, 7, 8, 9, 10, 11, 12, 13, 14, 15, 16, 17, 18, 19, 20, 21, 22, 23, 24, 25, 26, 27, 28, 29, 30, 31, 32, 33, 34, 35, 36, 37, 38]
		}
	]
}