{
	"credit": "Made with Blockbench",
	"texture_size": [32, 32],
	"textures": {
		"0": "item/fire_sword",
		"particle": "item/fire_sword"
	},
	"elements": [
		{
			"from": [7, -16, 7],
			"to": [9, -4, 9],
			"rotation": {"angle": 0, "axis": "y", "origin": [0, -16, 0]},
			"faces": {
				"north": {"uv": [0, 10, 1, 16], "texture": "#0"},
				"east": {"uv": [0, 10, 1, 16], "texture": "#0"},
				"south": {"uv": [0, 10, 1, 16], "texture": "#0"},
				"west": {"uv": [0, 10, 1, 16], "texture": "#0"},
				"up": {"uv": [1, 15, 2, 16], "texture": "#0"},
				"down": {"uv": [1, 14, 2, 15], "texture": "#0"}
			}
		},
		{
			"from": [6, -4, 7],
			"to": [10, 11, 9],
			"faces": {
				"north": {"uv": [14, 0, 16, 7.5], "texture": "#0"},
				"east": {"uv": [10.5, 0, 11.5, 7.5], "texture": "#0"},
				"south": {"uv": [14, 0, 16, 7.5], "texture": "#0"},
				"west": {"uv": [10.5, 0, 11.5, 7.5], "texture": "#0"},
				"up": {"uv": [9.5, 0, 11.5, 1], "texture": "#0"},
				"down": {"uv": [9.5, 0, 11.5, 1], "texture": "#0"}
			}
		},
		{
			"from": [3, -4, 8],
			"to": [13, 25, 8],
			"faces": {
				"north": {"uv": [4.5, 1.5, 9.5, 16], "texture": "#0"},
				"east": {"uv": [4.5, 1.5, 4.5, 16], "texture": "#0"},
				"south": {"uv": [4.5, 1.5, 9.5, 16], "texture": "#0"},
				"west": {"uv": [4.5, 1.5, 4.5, 16], "texture": "#0"},
				"up": {"uv": [4.5, 1.5, 9.5, 1.5], "texture": "#0"},
				"down": {"uv": [4.5, 1.5, 9.5, 1.5], "texture": "#0"}
			}
		},
		{
			"from": [7, -4, 8.25],
			"to": [9, 4, 9.25],
			"faces": {
				"north": {"uv": [14.5, 3.5, 15.5, 7.5], "texture": "#0"},
				"east": {"uv": [11, 0, 11.5, 4], "texture": "#0"},
				"south": {"uv": [14.5, 3.5, 15.5, 7.5], "texture": "#0"},
				"west": {"uv": [11, 0, 11.5, 4], "texture": "#0"},
				"up": {"uv": [11, 0, 12, 0.5], "texture": "#0"},
				"down": {"uv": [11, 0, 12, 0.5], "texture": "#0"}
			}
		},
		{
			"from": [7, -4, 6.75],
			"to": [9, 4, 7.75],
			"faces": {
				"north": {"uv": [14.5, 3.5, 15.5, 7.5], "texture": "#0"},
				"east": {"uv": [11, 0, 11.5, 4], "texture": "#0"},
				"south": {"uv": [14.5, 3.5, 15.5, 7.5], "texture": "#0"},
				"west": {"uv": [11, 0, 11.5, 4], "texture": "#0"},
				"up": {"uv": [11, 0, 12, 0.5], "texture": "#0"},
				"down": {"uv": [11, 0, 12, 0.5], "texture": "#0"}
			}
		},
		{
			"from": [6.5, 11, 7],
			"to": [9.5, 27, 9],
			"faces": {
				"north": {"uv": [12.5, 0, 14, 8], "texture": "#0"},
				"east": {"uv": [10.5, 0, 11.5, 8], "texture": "#0"},
				"south": {"uv": [12.5, 0, 14, 8], "texture": "#0"},
				"west": {"uv": [10.5, 0, 11.5, 8], "texture": "#0"},
				"up": {"uv": [10, 0, 11.5, 1], "texture": "#0"},
				"down": {"uv": [10, 0, 11.5, 1], "texture": "#0"}
			}
		},
		{
			"from": [7, 27, 7.35],
			"to": [9, 32, 8.6],
			"faces": {
				"north": {"uv": [11.5, 0, 12.5, 2.5], "texture": "#0"},
				"east": {"uv": [12, 0, 12.625, 2.5], "texture": "#0"},
				"south": {"uv": [11.5, 0, 12.5, 2.5], "texture": "#0"},
				"west": {"uv": [11.5, 0, 12.125, 2.5], "texture": "#0"},
				"up": {"uv": [11.5, 0, 12.5, 0.625], "texture": "#0"},
				"down": {"uv": [11.5, 0, 12.5, 0.625], "texture": "#0"}
			}
		},
		{
			"from": [9, -15, 7],
			"to": [10, -13, 9],
			"rotation": {"angle": 0, "axis": "y", "origin": [0, -16, 0]},
			"faces": {
				"north": {"uv": [15, 15, 15.5, 16], "texture": "#0"},
				"east": {"uv": [15, 15, 16, 16], "texture": "#0"},
				"south": {"uv": [15, 15, 15.5, 16], "texture": "#0"},
				"west": {"uv": [15, 15, 16, 16], "texture": "#0"},
				"up": {"uv": [15, 15, 15.5, 16], "texture": "#0"},
				"down": {"uv": [15, 15, 15.5, 16], "texture": "#0"}
			}
		},
		{
			"from": [6, -15, 7],
			"to": [7, -13, 9],
			"rotation": {"angle": 0, "axis": "y", "origin": [0, -16, 0]},
			"faces": {
				"north": {"uv": [15, 15, 15.5, 16], "texture": "#0"},
				"east": {"uv": [15, 15, 16, 16], "texture": "#0"},
				"south": {"uv": [15, 15, 15.5, 16], "texture": "#0"},
				"west": {"uv": [15, 15, 16, 16], "texture": "#0"},
				"up": {"uv": [15, 15, 15.5, 16], "texture": "#0"},
				"down": {"uv": [15, 15, 15.5, 16], "texture": "#0"}
			}
		},
		{
			"from": [7, -15, 9],
			"to": [9, -13, 10],
			"rotation": {"angle": 0, "axis": "y", "origin": [0, -16, 0]},
			"faces": {
				"north": {"uv": [15, 15, 16, 16], "texture": "#0"},
				"east": {"uv": [15, 15, 15.5, 16], "texture": "#0"},
				"south": {"uv": [15, 15, 16, 16], "texture": "#0"},
				"west": {"uv": [15, 15, 15.5, 16], "texture": "#0"},
				"up": {"uv": [15, 15, 16, 15.5], "texture": "#0"},
				"down": {"uv": [15, 15, 16, 15.5], "texture": "#0"}
			}
		},
		{
			"from": [9, -5, 7.5],
			"to": [14, -4, 8.5],
			"rotation": {"angle": 0, "axis": "y", "origin": [0, -16, 0]},
			"faces": {
				"north": {"uv": [2, 15.5, 4.5, 16], "texture": "#0"},
				"east": {"uv": [2, 15.5, 2.5, 16], "texture": "#0"},
				"south": {"uv": [2, 15.5, 4.5, 16], "texture": "#0"},
				"west": {"uv": [2, 15.5, 2.5, 16], "texture": "#0"},
				"up": {"uv": [2, 15.5, 4.5, 16], "texture": "#0"},
				"down": {"uv": [2, 15.5, 4.5, 16], "texture": "#0"}
			}
		},
		{
			"from": [10.5, -4, 7.5],
			"to": [13.5, -3, 8.5],
			"rotation": {"angle": 22.5, "axis": "z", "origin": [12, -4.5, 8]},
			"faces": {
				"north": {"uv": [2, 15.5, 3.5, 16], "texture": "#0"},
				"east": {"uv": [2, 15.5, 2.5, 16], "texture": "#0"},
				"south": {"uv": [2, 15.5, 3.5, 16], "texture": "#0"},
				"west": {"uv": [2, 15.5, 2.5, 16], "texture": "#0"},
				"up": {"uv": [2, 15.5, 3.5, 16], "texture": "#0"},
				"down": {"uv": [2, 15.5, 3.5, 16], "texture": "#0"}
			}
		},
		{
			"from": [10.5, -6, 7.5],
			"to": [13.5, -5, 8.5],
			"rotation": {"angle": -22.5, "axis": "z", "origin": [12, -4.5, 8]},
			"faces": {
				"north": {"uv": [2, 15.5, 3.5, 16], "texture": "#0"},
				"east": {"uv": [2, 15.5, 2.5, 16], "texture": "#0"},
				"south": {"uv": [2, 15.5, 3.5, 16], "texture": "#0"},
				"west": {"uv": [2, 15.5, 2.5, 16], "texture": "#0"},
				"up": {"uv": [2, 15.5, 3.5, 16], "texture": "#0"},
				"down": {"uv": [2, 15.5, 3.5, 16], "texture": "#0"}
			}
		},
		{
			"from": [2, -5, 7.5],
			"to": [7, -4, 8.5],
			"rotation": {"angle": 0, "axis": "y", "origin": [0, -16, 0]},
			"faces": {
				"north": {"uv": [2, 15.5, 4.5, 16], "texture": "#0"},
				"east": {"uv": [2, 15.5, 2.5, 16], "texture": "#0"},
				"south": {"uv": [2, 15.5, 4.5, 16], "texture": "#0"},
				"west": {"uv": [2, 15.5, 2.5, 16], "texture": "#0"},
				"up": {"uv": [2, 15.5, 4.5, 16], "texture": "#0"},
				"down": {"uv": [2, 15.5, 4.5, 16], "texture": "#0"}
			}
		},
		{
			"from": [2.5, -4, 7.5],
			"to": [5.5, -3, 8.5],
			"rotation": {"angle": -22.5, "axis": "z", "origin": [4, -4.5, 8]},
			"faces": {
				"north": {"uv": [2, 15.5, 3.5, 16], "texture": "#0"},
				"east": {"uv": [2, 15.5, 2.5, 16], "texture": "#0"},
				"south": {"uv": [2, 15.5, 3.5, 16], "texture": "#0"},
				"west": {"uv": [2, 15.5, 2.5, 16], "texture": "#0"},
				"up": {"uv": [2, 15.5, 3.5, 16], "texture": "#0"},
				"down": {"uv": [2, 15.5, 3.5, 16], "texture": "#0"}
			}
		},
		{
			"from": [2.5, -6, 7.5],
			"to": [5.5, -5, 8.5],
			"rotation": {"angle": 22.5, "axis": "z", "origin": [4, -4.5, 8]},
			"faces": {
				"north": {"uv": [2, 15.5, 3.5, 16], "texture": "#0"},
				"east": {"uv": [2, 15.5, 2.5, 16], "texture": "#0"},
				"south": {"uv": [2, 15.5, 3.5, 16], "texture": "#0"},
				"west": {"uv": [2, 15.5, 2.5, 16], "texture": "#0"},
				"up": {"uv": [2, 15.5, 3.5, 16], "texture": "#0"},
				"down": {"uv": [2, 15.5, 3.5, 16], "texture": "#0"}
			}
		},
		{
			"from": [7, -15, 6],
			"to": [9, -13, 7],
			"rotation": {"angle": 0, "axis": "y", "origin": [0, -16, 0]},
			"faces": {
				"north": {"uv": [15, 15, 16, 16], "texture": "#0"},
				"east": {"uv": [15, 15, 15.5, 16], "texture": "#0"},
				"south": {"uv": [15, 15, 16, 16], "texture": "#0"},
				"west": {"uv": [15, 15, 15.5, 16], "texture": "#0"},
				"up": {"uv": [15, 15, 16, 15.5], "texture": "#0"},
				"down": {"uv": [15, 15, 16, 15.5], "texture": "#0"}
			}
		},
		{
			"from": [6.5, -6, 6],
			"to": [9.5, -4, 7],
			"rotation": {"angle": 0, "axis": "y", "origin": [0, -16, 0]},
			"faces": {
				"north": {"uv": [14.5, 15, 16, 16], "texture": "#0"},
				"east": {"uv": [14.5, 15, 15, 16], "texture": "#0"},
				"south": {"uv": [14.5, 15, 16, 16], "texture": "#0"},
				"west": {"uv": [14.5, 15, 15, 16], "texture": "#0"},
				"up": {"uv": [14.5, 15, 16, 15.5], "texture": "#0"},
				"down": {"uv": [14.5, 15, 16, 15.5], "texture": "#0"}
			}
		},
		{
			"from": [6.5, -6, 9],
			"to": [9.5, -4, 10],
			"rotation": {"angle": 0, "axis": "y", "origin": [0, -16, 0]},
			"faces": {
				"north": {"uv": [14.5, 15, 16, 16], "texture": "#0"},
				"east": {"uv": [14.5, 15, 15, 16], "texture": "#0"},
				"south": {"uv": [14.5, 15, 16, 16], "texture": "#0"},
				"west": {"uv": [14.5, 15, 15, 16], "texture": "#0"},
				"up": {"uv": [14.5, 15, 16, 15.5], "texture": "#0"},
				"down": {"uv": [14.5, 15, 16, 15.5], "texture": "#0"}
			}
		}
	],
	"gui_light": "front",
	"display": {
		"thirdperson_righthand": {
			"rotation": [0, 90, 0],
			"translation": [0, 26.5, 0.5],
			"scale": [1.6, 1.6, 1.6]
		},
		"thirdperson_lefthand": {
			"rotation": [0, 90, 0],
			"translation": [0, 26.5, 0.5],
			"scale": [1.6, 1.6, 1.6]
		},
		"firstperson_righthand": {
			"translation": [0.75, 14.75, 0]
		},
		"firstperson_lefthand": {
			"translation": [0.75, 14.75, 0]
		},
		"ground": {
			"rotation": [90, 0, 0]
		},
		"gui": {
			"rotation": [0, 0, 45],
			"scale": [0.45, 0.45, 0.45]
		},
		"head": {
			"rotation": [-90, -90, 0],
			"translation": [0, -14.75, 4.25],
			"scale": [2, 2, 2]
		},
		"fixed": {
			"translation": [0, 0, -2.75]
		}
	}
}