{
	"credit": "Made with Blockbench",
	"textures": {
		"0": "item/golden_shurikan",
		"particle": "item/golden_shurikan"
	},
	"elements": [
		{
			"from": [15, 0, 8],
			"to": [16, 1, 11],
			"faces": {
				"north": {"uv": [0.016, 7.016, 0.984, 7.984], "texture": "#0"},
				"east": {"uv": [0.984, 7.984, 0.016, 5.016], "rotation": 90, "texture": "#0"},
				"south": {"uv": [0.016, 5.016, 0.984, 5.984], "texture": "#0"},
				"west": {"uv": [0.016, 5.016, 0.984, 7.984], "rotation": 90, "texture": "#0"},
				"up": {"uv": [0.016, 7.984, 0.984, 5.016], "texture": "#0"},
				"down": {"uv": [0.016, 5.016, 0.984, 7.984], "texture": "#0"}
			}
		},
		{
			"from": [0, 0, 4],
			"to": [1, 1, 7],
			"faces": {
				"north": {"uv": [15.016, 11.016, 15.984, 11.984], "texture": "#0"},
				"east": {"uv": [15.984, 11.984, 15.016, 9.016], "rotation": 90, "texture": "#0"},
				"south": {"uv": [15.016, 9.016, 15.984, 9.984], "texture": "#0"},
				"west": {"uv": [15.016, 9.016, 15.984, 11.984], "rotation": 90, "texture": "#0"},
				"up": {"uv": [15.016, 11.984, 15.984, 9.016], "texture": "#0"},
				"down": {"uv": [15.016, 9.016, 15.984, 11.984], "texture": "#0"}
			}
		},
		{
			"from": [6, 0, 4],
			"to": [8, 1, 7],
			"faces": {
				"north": {"uv": [8.016, 11.016, 9.984, 11.984], "texture": "#0"},
				"east": {"uv": [8.984, 11.984, 8.016, 9.016], "rotation": 90, "texture": "#0"},
				"south": {"uv": [9.984, 9.016, 8.016, 9.984], "texture": "#0"},
				"west": {"uv": [9.016, 9.016, 9.984, 11.984], "rotation": 90, "texture": "#0"},
				"up": {"uv": [9.984, 11.984, 8.016, 9.016], "texture": "#0"},
				"down": {"uv": [8.016, 9.016, 9.984, 11.984], "texture": "#0"}
			}
		},
		{
			"from": [4, 0, 6],
			"to": [6, 1, 9],
			"faces": {
				"north": {"uv": [10.016, 9.016, 11.984, 9.984], "texture": "#0"},
				"east": {"uv": [10.984, 9.984, 10.016, 7.016], "rotation": 90, "texture": "#0"},
				"south": {"uv": [11.984, 7.016, 10.016, 7.984], "texture": "#0"},
				"west": {"uv": [11.016, 7.016, 11.984, 9.984], "rotation": 90, "texture": "#0"},
				"up": {"uv": [11.984, 9.984, 10.016, 7.016], "texture": "#0"},
				"down": {"uv": [10.016, 7.016, 11.984, 9.984], "texture": "#0"}
			}
		},
		{
			"from": [6, 0, 8],
			"to": [8, 1, 12],
			"faces": {
				"north": {"uv": [8.016, 7.016, 9.984, 7.984], "texture": "#0"},
				"east": {"uv": [8.984, 7.984, 8.016, 4.016], "rotation": 90, "texture": "#0"},
				"south": {"uv": [9.984, 4.016, 8.016, 4.984], "texture": "#0"},
				"west": {"uv": [9.016, 4.016, 9.984, 7.984], "rotation": 90, "texture": "#0"},
				"up": {"uv": [9.984, 7.984, 8.016, 4.016], "texture": "#0"},
				"down": {"uv": [8.016, 4.016, 9.984, 7.984], "texture": "#0"}
			}
		},
		{
			"from": [6, 0, 7],
			"to": [7, 1, 8],
			"faces": {
				"north": {"uv": [9.016, 8.016, 9.984, 8.984], "texture": "#0"},
				"east": {"uv": [9.984, 8.984, 9.016, 8.016], "rotation": 90, "texture": "#0"},
				"south": {"uv": [9.984, 8.016, 9.016, 8.984], "texture": "#0"},
				"west": {"uv": [9.016, 8.016, 9.984, 8.984], "rotation": 90, "texture": "#0"},
				"up": {"uv": [9.984, 8.984, 9.016, 8.016], "texture": "#0"},
				"down": {"uv": [9.016, 8.016, 9.984, 8.984], "texture": "#0"}
			}
		},
		{
			"from": [8, 0, 4],
			"to": [9, 1, 12],
			"faces": {
				"north": {"uv": [7.016, 11.016, 7.984, 11.984], "texture": "#0"},
				"east": {"uv": [7.984, 11.984, 7.016, 4.016], "rotation": 90, "texture": "#0"},
				"south": {"uv": [7.016, 4.016, 7.984, 4.984], "texture": "#0"},
				"west": {"uv": [7.016, 4.016, 7.984, 11.984], "rotation": 90, "texture": "#0"},
				"up": {"uv": [7.016, 11.984, 7.984, 4.016], "texture": "#0"},
				"down": {"uv": [7.016, 4.016, 7.984, 11.984], "texture": "#0"}
			}
		},
		{
			"from": [12, 0, 7],
			"to": [15, 1, 10],
			"faces": {
				"north": {"uv": [1.016, 8.016, 3.984, 8.984], "texture": "#0"},
				"east": {"uv": [1.984, 8.984, 1.016, 6.016], "rotation": 90, "texture": "#0"},
				"south": {"uv": [1.016, 6.016, 3.984, 6.984], "texture": "#0"},
				"west": {"uv": [3.016, 6.016, 3.984, 8.984], "rotation": 90, "texture": "#0"},
				"up": {"uv": [1.016, 8.984, 3.984, 6.016], "texture": "#0"},
				"down": {"uv": [1.016, 6.016, 3.984, 8.984], "texture": "#0"}
			}
		},
		{
			"from": [9, 0, 6],
			"to": [12, 1, 9],
			"faces": {
				"north": {"uv": [4.016, 9.016, 6.984, 9.984], "texture": "#0"},
				"east": {"uv": [4.984, 9.984, 4.016, 7.016], "rotation": 90, "texture": "#0"},
				"south": {"uv": [4.016, 7.016, 6.984, 7.984], "texture": "#0"},
				"west": {"uv": [6.016, 7.016, 6.984, 9.984], "rotation": 90, "texture": "#0"},
				"up": {"uv": [4.016, 9.984, 6.984, 7.016], "texture": "#0"},
				"down": {"uv": [4.016, 7.016, 6.984, 9.984], "texture": "#0"}
			}
		},
		{
			"from": [1, 0, 5],
			"to": [4, 1, 8],
			"faces": {
				"north": {"uv": [12.016, 10.016, 14.984, 10.984], "texture": "#0"},
				"east": {"uv": [12.984, 10.984, 12.016, 8.016], "rotation": 90, "texture": "#0"},
				"south": {"uv": [12.016, 8.016, 14.984, 8.984], "texture": "#0"},
				"west": {"uv": [14.016, 8.016, 14.984, 10.984], "rotation": 90, "texture": "#0"},
				"up": {"uv": [14.984, 10.984, 12.016, 8.016], "texture": "#0"},
				"down": {"uv": [12.016, 8.016, 14.984, 10.984], "texture": "#0"}
			}
		},
		{
			"from": [7, 0, 1],
			"to": [10, 1, 4],
			"faces": {
				"north": {"uv": [6.016, 14.016, 8.984, 14.984], "texture": "#0"},
				"east": {"uv": [6.984, 14.984, 6.016, 12.016], "rotation": 90, "texture": "#0"},
				"south": {"uv": [6.016, 12.016, 8.984, 12.984], "texture": "#0"},
				"west": {"uv": [8.016, 12.016, 8.984, 14.984], "rotation": 90, "texture": "#0"},
				"up": {"uv": [8.984, 14.984, 6.016, 12.016], "texture": "#0"},
				"down": {"uv": [8.984, 12.016, 6.016, 14.984], "texture": "#0"}
			}
		},
		{
			"from": [5, 0, 12],
			"to": [8, 1, 15],
			"faces": {
				"north": {"uv": [8.016, 3.016, 10.984, 3.984], "texture": "#0"},
				"east": {"uv": [8.984, 3.984, 8.016, 1.016], "rotation": 90, "texture": "#0"},
				"south": {"uv": [8.016, 1.016, 10.984, 1.984], "texture": "#0"},
				"west": {"uv": [10.016, 1.016, 10.984, 3.984], "rotation": 90, "texture": "#0"},
				"up": {"uv": [10.984, 3.984, 8.016, 1.016], "texture": "#0"},
				"down": {"uv": [10.984, 1.016, 8.016, 3.984], "texture": "#0"}
			}
		},
		{
			"from": [8, 0, 0],
			"to": [11, 1, 1],
			"faces": {
				"north": {"uv": [5.016, 15.016, 7.984, 15.984], "texture": "#0"},
				"east": {"uv": [5.984, 15.984, 5.016, 15.016], "rotation": 90, "texture": "#0"},
				"south": {"uv": [7.984, 15.016, 5.016, 15.984], "texture": "#0"},
				"west": {"uv": [7.016, 15.016, 7.984, 15.984], "rotation": 90, "texture": "#0"},
				"up": {"uv": [7.984, 15.984, 5.016, 15.016], "texture": "#0"},
				"down": {"uv": [7.984, 15.016, 5.016, 15.984], "texture": "#0"}
			}
		},
		{
			"from": [4, 0, 15],
			"to": [7, 1, 16],
			"faces": {
				"north": {"uv": [9.016, 0.016, 11.984, 0.984], "texture": "#0"},
				"east": {"uv": [9.984, 0.984, 9.016, 0.016], "rotation": 90, "texture": "#0"},
				"south": {"uv": [11.984, 0.016, 9.016, 0.984], "texture": "#0"},
				"west": {"uv": [11.016, 0.016, 11.984, 0.984], "rotation": 90, "texture": "#0"},
				"up": {"uv": [11.984, 0.984, 9.016, 0.016], "texture": "#0"},
				"down": {"uv": [11.984, 0.016, 9.016, 0.984], "texture": "#0"}
			}
		}
	],
	"gui_light": "front",
	"display": {
		"thirdperson_righthand": {
			"rotation": [-23.75, 0, -90],
			"translation": [5, -1.25, 0.25],
			"scale": [0.7, 0.7, 0.7]
		},
		"thirdperson_lefthand": {
			"rotation": [-23.75, 0, -90],
			"translation": [5, -0.25, 0.25],
			"scale": [0.7, 0.7, 0.7]
		},
		"firstperson_righthand": {
			"translation": [0, 8, 0]
		},
		"firstperson_lefthand": {
			"translation": [0, 8, 0]
		},
		"ground": {
			"translation": [0, 1.75, 0],
			"scale": [0.7, 0.7, 0.7]
		},
		"gui": {
			"rotation": [-90, 0, -180]
		},
		"head": {
			"rotation": [-90, 0, 0],
			"translation": [0, 0.25, -14.25]
		},
		"fixed": {
			"rotation": [-90, 0, 0],
			"translation": [0, 0, -7.5]
		}
	}
}