{
	"credit": "Made with Blockbench",
	"texture_size": [32, 32],
	"textures": {
		"0": "item/scythe",
		"particle": "item/scythe"
	},
	"elements": [
		{
			"from": [7.5, -7, 7.5],
			"to": [8.5, -6, 8.5],
			"faces": {
				"north": {"uv": [3.5, 14.5, 4, 15], "texture": "#0"},
				"east": {"uv": [3.5, 14.5, 4, 15], "texture": "#0"},
				"south": {"uv": [3.5, 14.5, 4, 15], "texture": "#0"},
				"west": {"uv": [3.5, 14.5, 4, 15], "texture": "#0"},
				"up": {"uv": [3.5, 14.5, 4, 15], "texture": "#0"},
				"down": {"uv": [3.5, 14.5, 4, 15], "texture": "#0"}
			}
		},
		{
			"from": [7, -6, 7],
			"to": [9, -4, 9],
			"faces": {
				"north": {"uv": [3.5, 15, 4.5, 16], "texture": "#0"},
				"east": {"uv": [3.5, 15, 4.5, 16], "texture": "#0"},
				"south": {"uv": [3.5, 15, 4.5, 16], "texture": "#0"},
				"west": {"uv": [3.5, 15, 4.5, 16], "texture": "#0"},
				"up": {"uv": [3.5, 15, 4.5, 16], "texture": "#0"},
				"down": {"uv": [3.5, 15, 4.5, 16], "texture": "#0"}
			}
		},
		{
			"from": [6.5, -4.25, 6.5],
			"to": [9.5, -1.25, 9.5],
			"faces": {
				"north": {"uv": [2, 14.5, 3.5, 16], "texture": "#0"},
				"east": {"uv": [2, 14.5, 3.5, 16], "texture": "#0"},
				"south": {"uv": [2, 14.5, 3.5, 16], "texture": "#0"},
				"west": {"uv": [2, 14.5, 3.5, 16], "texture": "#0"},
				"up": {"uv": [2, 13, 3.5, 14.5], "texture": "#0"},
				"down": {"uv": [2, 13, 3.5, 14.5], "texture": "#0"}
			}
		},
		{
			"from": [7.5, -1.25, 7.5],
			"to": [8.5, 19.75, 8.5],
			"faces": {
				"north": {"uv": [15.5, 5.5, 16, 16], "texture": "#0"},
				"east": {"uv": [15.5, 5.5, 16, 16], "texture": "#0"},
				"south": {"uv": [15.5, 5.5, 16, 16], "texture": "#0"},
				"west": {"uv": [15.5, 5.5, 16, 16], "texture": "#0"},
				"up": {"uv": [0, 0, 0.5, 0.5], "texture": "#0"},
				"down": {"uv": [0, 0, 0.5, 0.5], "texture": "#0"}
			}
		},
		{
			"from": [7.5, 26.75, 7.5],
			"to": [8.5, 27.75, 8.5],
			"rotation": {"angle": 45, "axis": "z", "origin": [8, 27.25, 8]},
			"faces": {
				"north": {"uv": [15, 15.5, 15.5, 16], "texture": "#0"},
				"east": {"uv": [15, 15.5, 15.5, 16], "texture": "#0"},
				"south": {"uv": [15, 15.5, 15.5, 16], "texture": "#0"},
				"west": {"uv": [15, 15.5, 15.5, 16], "texture": "#0"},
				"up": {"uv": [15, 15.5, 15.5, 16], "texture": "#0"},
				"down": {"uv": [15, 15.5, 15.5, 16], "texture": "#0"}
			}
		},
		{
			"from": [5.2, 24.45, 8],
			"to": [7.2, 26.45, 8],
			"rotation": {"angle": 45, "axis": "z", "origin": [8, 27.25, 8]},
			"faces": {
				"north": {"uv": [2, 15, 1, 16], "texture": "#0"},
				"east": {"uv": [0, 0, 0, 1], "texture": "#0"},
				"south": {"uv": [1, 15, 2, 16], "texture": "#0"},
				"west": {"uv": [0, 0, 0, 1], "texture": "#0"},
				"up": {"uv": [0, 0, 1, 0], "texture": "#0"},
				"down": {"uv": [0, 0, 1, 0], "texture": "#0"}
			}
		},
		{
			"from": [3.2, 22.45, 8],
			"to": [5.2, 24.45, 8],
			"rotation": {"angle": 45, "axis": "z", "origin": [8, 27.25, 8]},
			"faces": {
				"north": {"uv": [1, 15, 0, 16], "texture": "#0"},
				"east": {"uv": [0, 0, 0, 1], "texture": "#0"},
				"south": {"uv": [0, 15, 1, 16], "texture": "#0"},
				"west": {"uv": [0, 0, 0, 1], "texture": "#0"},
				"up": {"uv": [0, 0, 1, 0], "texture": "#0"},
				"down": {"uv": [0, 0, 1, 0], "texture": "#0"}
			}
		},
		{
			"from": [-0.18198, 23.59081, 8],
			"to": [6.81802, 27.59081, 8],
			"rotation": {"angle": -22.5, "axis": "z", "origin": [4.81802, 25.34081, 8]},
			"faces": {
				"north": {"uv": [14, 0, 16, 3.5], "rotation": 90, "texture": "#0"},
				"east": {"uv": [0, 0, 2, 0], "rotation": 270, "texture": "#0"},
				"south": {"uv": [14, 0, 16, 3.5], "rotation": 270, "texture": "#0"},
				"west": {"uv": [0, 0, 2, 0], "rotation": 270, "texture": "#0"},
				"up": {"uv": [0, 0, 0, 3.5], "rotation": 270, "texture": "#0"},
				"down": {"uv": [0, 0, 0, 3.5], "rotation": 270, "texture": "#0"}
			}
		},
		{
			"from": [-14.18198, 21.59081, 8],
			"to": [7.81802, 31.59081, 8],
			"rotation": {"angle": 0, "axis": "z", "origin": [4.81802, 25.34081, 8]},
			"faces": {
				"north": {"uv": [4.5, 0, 9.5, 8], "rotation": 90, "texture": "#0"},
				"east": {"uv": [0, 0, 2, 0], "rotation": 270, "texture": "#0"},
				"south": {"uv": [9.5, 0, 4.5, 8], "rotation": 270, "texture": "#0"},
				"west": {"uv": [0, 0, 2, 0], "rotation": 270, "texture": "#0"},
				"up": {"uv": [0, 0, 0, 3.5], "rotation": 270, "texture": "#0"},
				"down": {"uv": [0, 0, 0, 3.5], "rotation": 270, "texture": "#0"}
			}
		},
		{
			"from": [7.81802, 21.59081, 8],
			"to": [29.81802, 31.59081, 8],
			"rotation": {"angle": 0, "axis": "z", "origin": [4.81802, 25.34081, 8]},
			"faces": {
				"north": {"uv": [4.5, 8, 9.5, 0], "rotation": 90, "texture": "#0"},
				"east": {"uv": [0, 0, 2, 0], "rotation": 270, "texture": "#0"},
				"south": {"uv": [9.5, 8, 4.5, 0], "rotation": 270, "texture": "#0"},
				"west": {"uv": [0, 0, 2, 0], "rotation": 270, "texture": "#0"},
				"up": {"uv": [0, 0, 0, 3.5], "rotation": 270, "texture": "#0"},
				"down": {"uv": [0, 0, 0, 3.5], "rotation": 270, "texture": "#0"}
			}
		},
		{
			"from": [-4.94034, 25.33296, 8],
			"to": [1.05966, 29.33296, 8],
			"rotation": {"angle": 0, "axis": "z", "origin": [-2.44034, 27.33296, 8]},
			"faces": {
				"north": {"uv": [12, 0, 14, 3], "rotation": 90, "texture": "#0"},
				"east": {"uv": [0, 0, 2, 0], "rotation": 270, "texture": "#0"},
				"south": {"uv": [12, 0, 14, 3], "rotation": 270, "texture": "#0"},
				"west": {"uv": [0, 0, 2, 0], "rotation": 270, "texture": "#0"},
				"up": {"uv": [0, 0, 0, 3], "rotation": 270, "texture": "#0"},
				"down": {"uv": [0, 0, 0, 3], "rotation": 270, "texture": "#0"}
			}
		},
		{
			"from": [-10.90855, 25.14581, 8],
			"to": [-3.90855, 28.14581, 8],
			"rotation": {"angle": 22.5, "axis": "z", "origin": [-7.40855, 26.14581, 8]},
			"faces": {
				"north": {"uv": [12, 0, 10.5, 3.5], "rotation": 90, "texture": "#0"},
				"east": {"uv": [0, 0, 1.5, 0], "rotation": 270, "texture": "#0"},
				"south": {"uv": [10.5, 0, 12, 3.5], "rotation": 270, "texture": "#0"},
				"west": {"uv": [0, 0, 1.5, 0], "rotation": 270, "texture": "#0"},
				"up": {"uv": [0, 0, 0, 3.5], "rotation": 270, "texture": "#0"},
				"down": {"uv": [0, 0, 0, 3.5], "rotation": 270, "texture": "#0"}
			}
		},
		{
			"from": [-14.52214, 22.10252, 8],
			"to": [-9.52214, 24.10252, 8],
			"rotation": {"angle": 45, "axis": "z", "origin": [-13.54494, 23.10252, 8]},
			"faces": {
				"north": {"uv": [10.5, 0, 9.5, 2.5], "rotation": 90, "texture": "#0"},
				"east": {"uv": [0, 0, 1, 0], "rotation": 270, "texture": "#0"},
				"south": {"uv": [9.5, 0, 10.5, 2.5], "rotation": 270, "texture": "#0"},
				"west": {"uv": [0, 0, 1, 0], "rotation": 270, "texture": "#0"},
				"up": {"uv": [0, 0, 0, 2.5], "rotation": 270, "texture": "#0"},
				"down": {"uv": [0, 0, 0, 2.5], "rotation": 270, "texture": "#0"}
			}
		},
		{
			"from": [9.73006, 27.17685, 8],
			"to": [16.73006, 31.17685, 8],
			"rotation": {"angle": 22.5, "axis": "z", "origin": [20.47014, 25.75613, 8]},
			"faces": {
				"north": {"uv": [14, 0, 16, 3.5], "rotation": 90, "texture": "#0"},
				"east": {"uv": [0, 0, 2, 0], "rotation": 270, "texture": "#0"},
				"south": {"uv": [14, 0, 16, 3.5], "rotation": 270, "texture": "#0"},
				"west": {"uv": [0, 0, 2, 0], "rotation": 270, "texture": "#0"},
				"up": {"uv": [0, 3.5, 0, 7], "rotation": 270, "texture": "#0"},
				"down": {"uv": [0, 3.5, 0, 7], "rotation": 270, "texture": "#0"}
			}
		},
		{
			"from": [14.94034, 25.33296, 8],
			"to": [20.94034, 29.33296, 8],
			"rotation": {"angle": 0, "axis": "z", "origin": [20.47014, 25.75613, 8]},
			"faces": {
				"north": {"uv": [12, 0, 14, 3], "rotation": 90, "texture": "#0"},
				"east": {"uv": [0, 0, 2, 0], "rotation": 270, "texture": "#0"},
				"south": {"uv": [12, 0, 14, 3], "rotation": 270, "texture": "#0"},
				"west": {"uv": [0, 0, 2, 0], "rotation": 270, "texture": "#0"},
				"up": {"uv": [0, 3, 0, 6], "rotation": 270, "texture": "#0"},
				"down": {"uv": [0, 3, 0, 6], "rotation": 270, "texture": "#0"}
			}
		},
		{
			"from": [19.53576, 26.24062, 8],
			"to": [26.53576, 29.24062, 8],
			"rotation": {"angle": -22.5, "axis": "z", "origin": [20.47014, 25.75613, 8]},
			"faces": {
				"north": {"uv": [12, 3.5, 10.5, 0], "rotation": 90, "texture": "#0"},
				"east": {"uv": [0, 0, 1.5, 0], "rotation": 270, "texture": "#0"},
				"south": {"uv": [10.5, 3.5, 12, 0], "rotation": 270, "texture": "#0"},
				"west": {"uv": [0, 0, 1.5, 0], "rotation": 270, "texture": "#0"},
				"up": {"uv": [0, 3.5, 0, 7], "rotation": 270, "texture": "#0"},
				"down": {"uv": [0, 3.5, 0, 7], "rotation": 270, "texture": "#0"}
			}
		},
		{
			"from": [24.74058, 29.29659, 8],
			"to": [29.74058, 31.29659, 8],
			"rotation": {"angle": -45, "axis": "z", "origin": [20.47014, 25.75613, 8]},
			"faces": {
				"north": {"uv": [10.5, 2.5, 9.5, 0], "rotation": 90, "texture": "#0"},
				"east": {"uv": [0, 0, 1, 0], "rotation": 270, "texture": "#0"},
				"south": {"uv": [9.5, 2.5, 10.5, 0], "rotation": 270, "texture": "#0"},
				"west": {"uv": [0, 0, 1, 0], "rotation": 270, "texture": "#0"},
				"up": {"uv": [0, 2.5, 0, 5], "rotation": 270, "texture": "#0"},
				"down": {"uv": [0, 2.5, 0, 5], "rotation": 270, "texture": "#0"}
			}
		},
		{
			"from": [4.2, 24.45, 8],
			"to": [5.2, 25.45, 8],
			"rotation": {"angle": 45, "axis": "z", "origin": [8, 27.25, 8]},
			"faces": {
				"north": {"uv": [1, 14.5, 1.5, 15], "texture": "#0"},
				"east": {"uv": [0, 0, 0, 0.5], "texture": "#0"},
				"south": {"uv": [1, 14.5, 1.5, 15], "texture": "#0"},
				"west": {"uv": [0, 0, 0, 0.5], "texture": "#0"},
				"up": {"uv": [0, 0, 1, 0], "texture": "#0"},
				"down": {"uv": [0, 0, 1, 0], "texture": "#0"}
			}
		},
		{
			"from": [5.2, 23.45, 8],
			"to": [6.2, 24.45, 8],
			"rotation": {"angle": 45, "axis": "z", "origin": [8, 27.25, 8]},
			"faces": {
				"north": {"uv": [0, 14, 0.5, 14.5], "texture": "#0"},
				"east": {"uv": [0, 0, 0, 1], "texture": "#0"},
				"south": {"uv": [0, 14, 0.5, 14.5], "texture": "#0"},
				"west": {"uv": [0, 0, 0, 1], "texture": "#0"},
				"up": {"uv": [0, 0, 0.5, 0], "texture": "#0"},
				"down": {"uv": [0, 0, 0.5, 0], "texture": "#0"}
			}
		},
		{
			"from": [5.92702, 20.63059, 7.5],
			"to": [6.92702, 24.63059, 8.5],
			"rotation": {"angle": 22.5, "axis": "z", "origin": [9.42702, 23.63059, 8]},
			"faces": {
				"north": {"uv": [15, 14, 15.5, 16], "texture": "#0"},
				"east": {"uv": [15, 14, 15.5, 16], "texture": "#0"},
				"south": {"uv": [15, 14, 15.5, 16], "texture": "#0"},
				"west": {"uv": [15, 14, 15.5, 16], "texture": "#0"},
				"up": {"uv": [0, 0, 0.5, 0.5], "texture": "#0"},
				"down": {"uv": [0, 0, 0.5, 0.5], "texture": "#0"}
			}
		},
		{
			"from": [7.82402, 23.90379, 7.5],
			"to": [8.82402, 27.90379, 8.5],
			"rotation": {"angle": 22.5, "axis": "z", "origin": [11.32402, 26.90379, 8]},
			"faces": {
				"north": {"uv": [15, 14, 15.5, 16], "texture": "#0"},
				"east": {"uv": [15, 14, 15.5, 16], "texture": "#0"},
				"south": {"uv": [15, 14, 15.5, 16], "texture": "#0"},
				"west": {"uv": [15, 14, 15.5, 16], "texture": "#0"},
				"up": {"uv": [0, 0, 0.5, 0.5], "texture": "#0"},
				"down": {"uv": [0, 0, 0.5, 0.5], "texture": "#0"}
			}
		},
		{
			"from": [8.49267, 19.30866, 7.5],
			"to": [9.49267, 23.30866, 8.5],
			"rotation": {"angle": -22.5, "axis": "z", "origin": [9.49267, 21.55866, 8]},
			"faces": {
				"north": {"uv": [15, 14, 15.5, 16], "texture": "#0"},
				"east": {"uv": [15, 14, 15.5, 16], "texture": "#0"},
				"south": {"uv": [15, 14, 15.5, 16], "texture": "#0"},
				"west": {"uv": [15, 14, 15.5, 16], "texture": "#0"},
				"up": {"uv": [0, 0, 0.5, 0.5], "texture": "#0"},
				"down": {"uv": [0, 0, 0.5, 0.5], "texture": "#0"}
			}
		},
		{
			"from": [6.59567, 22.66112, 7.5],
			"to": [7.59567, 26.66112, 8.5],
			"rotation": {"angle": -22.5, "axis": "z", "origin": [7.59567, 24.91112, 8]},
			"faces": {
				"north": {"uv": [15, 14, 15.5, 16], "texture": "#0"},
				"east": {"uv": [15, 14, 15.5, 16], "texture": "#0"},
				"south": {"uv": [15, 14, 15.5, 16], "texture": "#0"},
				"west": {"uv": [15, 14, 15.5, 16], "texture": "#0"},
				"up": {"uv": [0, 0, 0.5, 0.5], "texture": "#0"},
				"down": {"uv": [0, 0, 0.5, 0.5], "texture": "#0"}
			}
		}
	],
	"gui_light": "front",
	"display": {
		"thirdperson_righthand": {
			"rotation": [0, -90, 0],
			"translation": [0, 0, 1],
			"scale": [1, 1.3, 1.3]
		},
		"thirdperson_lefthand": {
			"rotation": [0, -90, 0],
			"translation": [0, 0, 1],
			"scale": [1, 1.3, 1.3]
		},
		"firstperson_righthand": {
			"rotation": [0, -90, 0],
			"translation": [1.5, -2.5, 0]
		},
		"firstperson_lefthand": {
			"rotation": [0, -90, 0],
			"translation": [1.5, -2.5, 0]
		},
		"ground": {
			"rotation": [90, 0, 0],
			"translation": [0, 0, -3.75]
		},
		"gui": {
			"rotation": [0, 0, 45],
			"translation": [3.5, -3.5, 0],
			"scale": [0.5, 0.5, 0.5]
		},
		"head": {
			"rotation": [-71.25, 90, 0],
			"translation": [0, -9.25, 31],
			"scale": [1.2, 1.2, 1.2]
		},
		"fixed": {
			"translation": [0, 0, -2]
		}
	}
}