{
	"credit": "Made with Blockbench",
	"textures": {
		"0": "item/golden_weapon_sword",
		"particle": "item/golden_weapon_sword"
	},
	"elements": [
		{
			"from": [13, 0, 0],
			"to": [16, 1, 3],
			"faces": {
				"north": {"uv": [0.016, 15.016, 2.984, 15.984], "texture": "#0"},
				"east": {"uv": [0.016, 13.016, 0.984, 15.984], "rotation": 90, "texture": "#0"},
				"south": {"uv": [2.984, 13.016, 0.016, 13.984], "texture": "#0"},
				"west": {"uv": [2.016, 13.016, 2.984, 15.984], "rotation": 90, "texture": "#0"},
				"up": {"uv": [2.984, 15.984, 0.016, 13.016], "texture": "#0"},
				"down": {"uv": [2.984, 13.016, 0.016, 15.984], "texture": "#0"}
			}
		},
		{
			"from": [12, 0, 1],
			"to": [13, 1, 10],
			"faces": {
				"north": {"uv": [3.016, 14.016, 3.984, 14.984], "texture": "#0"},
				"east": {"uv": [3.984, 14.984, 3.016, 6.016], "rotation": 90, "texture": "#0"},
				"south": {"uv": [3.984, 6.016, 3.016, 6.984], "texture": "#0"},
				"west": {"uv": [3.016, 6.016, 3.984, 14.984], "rotation": 90, "texture": "#0"},
				"up": {"uv": [3.984, 14.984, 3.016, 6.016], "texture": "#0"},
				"down": {"uv": [3.984, 6.016, 3.016, 14.984], "texture": "#0"}
			}
		},
		{
			"from": [13, 0, 7],
			"to": [14, 1, 10],
			"faces": {
				"north": {"uv": [2.016, 8.016, 2.984, 8.984], "texture": "#0"},
				"east": {"uv": [2.984, 8.984, 2.016, 6.016], "rotation": 90, "texture": "#0"},
				"south": {"uv": [2.984, 6.016, 2.016, 6.984], "texture": "#0"},
				"west": {"uv": [2.016, 6.016, 2.984, 8.984], "rotation": 90, "texture": "#0"},
				"up": {"uv": [2.984, 8.984, 2.016, 6.016], "texture": "#0"},
				"down": {"uv": [2.984, 6.016, 2.016, 8.984], "texture": "#0"}
			}
		},
		{
			"from": [10, 0, 9],
			"to": [11, 1, 12],
			"faces": {
				"north": {"uv": [5.016, 6.016, 5.984, 6.984], "texture": "#0"},
				"east": {"uv": [5.984, 6.984, 5.016, 4.016], "rotation": 90, "texture": "#0"},
				"south": {"uv": [5.984, 4.016, 5.016, 4.984], "texture": "#0"},
				"west": {"uv": [5.016, 4.016, 5.984, 6.984], "rotation": 90, "texture": "#0"},
				"up": {"uv": [5.984, 6.984, 5.016, 4.016], "texture": "#0"},
				"down": {"uv": [5.984, 4.016, 5.016, 6.984], "texture": "#0"}
			}
		},
		{
			"from": [9, 0, 10],
			"to": [10, 1, 13],
			"faces": {
				"north": {"uv": [6.016, 5.016, 6.984, 5.984], "texture": "#0"},
				"east": {"uv": [6.984, 5.984, 6.016, 3.016], "rotation": 90, "texture": "#0"},
				"south": {"uv": [6.984, 3.016, 6.016, 3.984], "texture": "#0"},
				"west": {"uv": [6.016, 3.016, 6.984, 5.984], "rotation": 90, "texture": "#0"},
				"up": {"uv": [6.984, 5.984, 6.016, 3.016], "texture": "#0"},
				"down": {"uv": [6.984, 3.016, 6.016, 5.984], "texture": "#0"}
			}
		},
		{
			"from": [14, 0, 8],
			"to": [15, 1, 10],
			"faces": {
				"north": {"uv": [1.016, 7.016, 1.984, 7.984], "texture": "#0"},
				"east": {"uv": [1.984, 7.984, 1.016, 6.016], "rotation": 90, "texture": "#0"},
				"south": {"uv": [1.984, 6.016, 1.016, 6.984], "texture": "#0"},
				"west": {"uv": [1.016, 6.016, 1.984, 7.984], "rotation": 90, "texture": "#0"},
				"up": {"uv": [1.984, 7.984, 1.016, 6.016], "texture": "#0"},
				"down": {"uv": [1.984, 6.016, 1.016, 7.984], "texture": "#0"}
			}
		},
		{
			"from": [8, 0, 11],
			"to": [9, 1, 13],
			"faces": {
				"north": {"uv": [7.016, 4.016, 7.984, 4.984], "texture": "#0"},
				"east": {"uv": [7.984, 4.984, 7.016, 3.016], "rotation": 90, "texture": "#0"},
				"south": {"uv": [7.984, 3.016, 7.016, 3.984], "texture": "#0"},
				"west": {"uv": [7.016, 3.016, 7.984, 4.984], "rotation": 90, "texture": "#0"},
				"up": {"uv": [7.984, 4.984, 7.016, 3.016], "texture": "#0"},
				"down": {"uv": [7.984, 3.016, 7.016, 4.984], "texture": "#0"}
			}
		},
		{
			"from": [11, 0, 2],
			"to": [12, 1, 11],
			"faces": {
				"north": {"uv": [4.016, 13.016, 4.984, 13.984], "texture": "#0"},
				"east": {"uv": [4.984, 13.984, 4.016, 5.016], "rotation": 90, "texture": "#0"},
				"south": {"uv": [4.984, 5.016, 4.016, 5.984], "texture": "#0"},
				"west": {"uv": [4.016, 5.016, 4.984, 13.984], "rotation": 90, "texture": "#0"},
				"up": {"uv": [4.984, 13.984, 4.016, 5.016], "texture": "#0"},
				"down": {"uv": [4.984, 5.016, 4.016, 13.984], "texture": "#0"}
			}
		},
		{
			"from": [10, 0, 3],
			"to": [11, 1, 8],
			"faces": {
				"north": {"uv": [5.016, 12.016, 5.984, 12.984], "texture": "#0"},
				"east": {"uv": [5.984, 12.984, 5.016, 8.016], "rotation": 90, "texture": "#0"},
				"south": {"uv": [5.984, 8.016, 5.016, 8.984], "texture": "#0"},
				"west": {"uv": [5.016, 8.016, 5.984, 12.984], "rotation": 90, "texture": "#0"},
				"up": {"uv": [5.984, 12.984, 5.016, 8.016], "texture": "#0"},
				"down": {"uv": [5.984, 8.016, 5.016, 12.984], "texture": "#0"}
			}
		},
		{
			"from": [9, 0, 1],
			"to": [10, 1, 9],
			"faces": {
				"north": {"uv": [6.016, 14.016, 6.984, 14.984], "texture": "#0"},
				"east": {"uv": [6.984, 14.984, 6.016, 7.016], "rotation": 90, "texture": "#0"},
				"south": {"uv": [6.984, 7.016, 6.016, 7.984], "texture": "#0"},
				"west": {"uv": [6.016, 7.016, 6.984, 14.984], "rotation": 90, "texture": "#0"},
				"up": {"uv": [6.984, 14.984, 6.016, 7.016], "texture": "#0"},
				"down": {"uv": [6.984, 7.016, 6.016, 14.984], "texture": "#0"}
			}
		},
		{
			"from": [8, 0, 2],
			"to": [9, 1, 10],
			"faces": {
				"north": {"uv": [7.016, 13.016, 7.984, 13.984], "texture": "#0"},
				"east": {"uv": [7.984, 13.984, 7.016, 6.016], "rotation": 90, "texture": "#0"},
				"south": {"uv": [7.984, 6.016, 7.016, 6.984], "texture": "#0"},
				"west": {"uv": [7.016, 6.016, 7.984, 13.984], "rotation": 90, "texture": "#0"},
				"up": {"uv": [7.984, 13.984, 7.016, 6.016], "texture": "#0"},
				"down": {"uv": [7.984, 6.016, 7.016, 13.984], "texture": "#0"}
			}
		},
		{
			"from": [7, 0, 3],
			"to": [8, 1, 5],
			"faces": {
				"north": {"uv": [8.016, 12.016, 8.984, 12.984], "texture": "#0"},
				"east": {"uv": [8.984, 12.984, 8.016, 11.016], "rotation": 90, "texture": "#0"},
				"south": {"uv": [8.984, 11.016, 8.016, 11.984], "texture": "#0"},
				"west": {"uv": [8.016, 11.016, 8.984, 12.984], "rotation": 90, "texture": "#0"},
				"up": {"uv": [8.984, 12.984, 8.016, 11.016], "texture": "#0"},
				"down": {"uv": [8.984, 11.016, 8.016, 12.984], "texture": "#0"}
			}
		},
		{
			"from": [6, 0, 4],
			"to": [7, 1, 6],
			"faces": {
				"north": {"uv": [9.016, 11.016, 9.984, 11.984], "texture": "#0"},
				"east": {"uv": [9.984, 11.984, 9.016, 10.016], "rotation": 90, "texture": "#0"},
				"south": {"uv": [9.984, 10.016, 9.016, 10.984], "texture": "#0"},
				"west": {"uv": [9.016, 10.016, 9.984, 11.984], "rotation": 90, "texture": "#0"},
				"up": {"uv": [9.984, 11.984, 9.016, 10.016], "texture": "#0"},
				"down": {"uv": [9.984, 10.016, 9.016, 11.984], "texture": "#0"}
			}
		},
		{
			"from": [5, 0, 5],
			"to": [6, 1, 7],
			"faces": {
				"north": {"uv": [10.016, 10.016, 10.984, 10.984], "texture": "#0"},
				"east": {"uv": [10.984, 10.984, 10.016, 9.016], "rotation": 90, "texture": "#0"},
				"south": {"uv": [10.984, 9.016, 10.016, 9.984], "texture": "#0"},
				"west": {"uv": [10.016, 9.016, 10.984, 10.984], "rotation": 90, "texture": "#0"},
				"up": {"uv": [10.984, 10.984, 10.016, 9.016], "texture": "#0"},
				"down": {"uv": [10.984, 9.016, 10.016, 10.984], "texture": "#0"}
			}
		},
		{
			"from": [7, 0, 6],
			"to": [8, 1, 11],
			"faces": {
				"north": {"uv": [8.016, 9.016, 8.984, 9.984], "texture": "#0"},
				"east": {"uv": [8.984, 9.984, 8.016, 5.016], "rotation": 90, "texture": "#0"},
				"south": {"uv": [8.984, 5.016, 8.016, 5.984], "texture": "#0"},
				"west": {"uv": [8.016, 5.016, 8.984, 9.984], "rotation": 90, "texture": "#0"},
				"up": {"uv": [8.984, 9.984, 8.016, 5.016], "texture": "#0"},
				"down": {"uv": [8.984, 5.016, 8.016, 9.984], "texture": "#0"}
			}
		},
		{
			"from": [6, 0, 7],
			"to": [7, 1, 12],
			"faces": {
				"north": {"uv": [9.016, 8.016, 9.984, 8.984], "texture": "#0"},
				"east": {"uv": [9.984, 8.984, 9.016, 4.016], "rotation": 90, "texture": "#0"},
				"south": {"uv": [9.984, 4.016, 9.016, 4.984], "texture": "#0"},
				"west": {"uv": [9.016, 4.016, 9.984, 8.984], "rotation": 90, "texture": "#0"},
				"up": {"uv": [9.984, 8.984, 9.016, 4.016], "texture": "#0"},
				"down": {"uv": [9.984, 4.016, 9.016, 8.984], "texture": "#0"}
			}
		},
		{
			"from": [5, 0, 8],
			"to": [6, 1, 13],
			"faces": {
				"north": {"uv": [10.016, 7.016, 10.984, 7.984], "texture": "#0"},
				"east": {"uv": [10.984, 7.984, 10.016, 3.016], "rotation": 90, "texture": "#0"},
				"south": {"uv": [10.984, 3.016, 10.016, 3.984], "texture": "#0"},
				"west": {"uv": [10.016, 3.016, 10.984, 7.984], "rotation": 90, "texture": "#0"},
				"up": {"uv": [10.984, 7.984, 10.016, 3.016], "texture": "#0"},
				"down": {"uv": [10.984, 3.016, 10.016, 7.984], "texture": "#0"}
			}
		},
		{
			"from": [4, 0, 9],
			"to": [5, 1, 14],
			"faces": {
				"north": {"uv": [11.016, 6.016, 11.984, 6.984], "texture": "#0"},
				"east": {"uv": [11.984, 6.984, 11.016, 2.016], "rotation": 90, "texture": "#0"},
				"south": {"uv": [11.984, 2.016, 11.016, 2.984], "texture": "#0"},
				"west": {"uv": [11.016, 2.016, 11.984, 6.984], "rotation": 90, "texture": "#0"},
				"up": {"uv": [11.984, 6.984, 11.016, 2.016], "texture": "#0"},
				"down": {"uv": [11.984, 2.016, 11.016, 6.984], "texture": "#0"}
			}
		},
		{
			"from": [3, 0, 10],
			"to": [4, 1, 15],
			"faces": {
				"north": {"uv": [12.016, 5.016, 12.984, 5.984], "texture": "#0"},
				"east": {"uv": [12.984, 5.984, 12.016, 1.016], "rotation": 90, "texture": "#0"},
				"south": {"uv": [12.984, 1.016, 12.016, 1.984], "texture": "#0"},
				"west": {"uv": [12.016, 1.016, 12.984, 5.984], "rotation": 90, "texture": "#0"},
				"up": {"uv": [12.984, 5.984, 12.016, 1.016], "texture": "#0"},
				"down": {"uv": [12.984, 1.016, 12.016, 5.984], "texture": "#0"}
			}
		},
		{
			"from": [2, 0, 11],
			"to": [3, 1, 16],
			"faces": {
				"north": {"uv": [13.016, 4.016, 13.984, 4.984], "texture": "#0"},
				"east": {"uv": [13.984, 4.984, 13.016, 0.016], "rotation": 90, "texture": "#0"},
				"south": {"uv": [13.984, 0.016, 13.016, 0.984], "texture": "#0"},
				"west": {"uv": [13.016, 0.016, 13.984, 4.984], "rotation": 90, "texture": "#0"},
				"up": {"uv": [13.984, 4.984, 13.016, 0.016], "texture": "#0"},
				"down": {"uv": [13.984, 0.016, 13.016, 4.984], "texture": "#0"}
			}
		},
		{
			"from": [1, 0, 12],
			"to": [2, 1, 16],
			"faces": {
				"north": {"uv": [14.016, 3.016, 14.984, 3.984], "texture": "#0"},
				"east": {"uv": [14.984, 3.984, 14.016, 0.016], "rotation": 90, "texture": "#0"},
				"south": {"uv": [14.984, 0.016, 14.016, 0.984], "texture": "#0"},
				"west": {"uv": [14.016, 0.016, 14.984, 3.984], "rotation": 90, "texture": "#0"},
				"up": {"uv": [14.984, 3.984, 14.016, 0.016], "texture": "#0"},
				"down": {"uv": [14.984, 0.016, 14.016, 3.984], "texture": "#0"}
			}
		},
		{
			"from": [0, 0, 13],
			"to": [1, 1, 16],
			"faces": {
				"north": {"uv": [15.016, 2.016, 15.984, 2.984], "texture": "#0"},
				"east": {"uv": [15.984, 2.984, 15.016, 0.016], "rotation": 90, "texture": "#0"},
				"south": {"uv": [15.984, 0.016, 15.016, 0.984], "texture": "#0"},
				"west": {"uv": [15.016, 0.016, 15.984, 2.984], "rotation": 90, "texture": "#0"},
				"up": {"uv": [15.984, 2.984, 15.016, 0.016], "texture": "#0"},
				"down": {"uv": [15.984, 0.016, 15.016, 2.984], "texture": "#0"}
			}
		},
		{
			"from": [13, 0, 3],
			"to": [15, 1, 4],
			"faces": {
				"north": {"uv": [1.016, 12.016, 2.984, 12.984], "texture": "#0"},
				"east": {"uv": [1.016, 12.016, 1.984, 12.984], "rotation": 90, "texture": "#0"},
				"south": {"uv": [2.984, 12.016, 1.016, 12.984], "texture": "#0"},
				"west": {"uv": [2.016, 12.016, 2.984, 12.984], "rotation": 90, "texture": "#0"},
				"up": {"uv": [2.984, 12.984, 1.016, 12.016], "texture": "#0"},
				"down": {"uv": [2.984, 12.016, 1.016, 12.984], "texture": "#0"}
			}
		},
		{
			"from": [13, 0, 4],
			"to": [14, 1, 5],
			"faces": {
				"north": {"uv": [2.016, 11.016, 2.984, 11.984], "texture": "#0"},
				"east": {"uv": [2.016, 11.016, 2.984, 11.984], "rotation": 90, "texture": "#0"},
				"south": {"uv": [2.984, 11.016, 2.016, 11.984], "texture": "#0"},
				"west": {"uv": [2.016, 11.016, 2.984, 11.984], "rotation": 90, "texture": "#0"},
				"up": {"uv": [2.984, 11.984, 2.016, 11.016], "texture": "#0"},
				"down": {"uv": [2.984, 11.016, 2.016, 11.984], "texture": "#0"}
			}
		},
		{
			"from": [10, 0, 1],
			"to": [11, 1, 2],
			"faces": {
				"north": {"uv": [5.016, 14.016, 5.984, 14.984], "texture": "#0"},
				"east": {"uv": [5.016, 14.016, 5.984, 14.984], "rotation": 90, "texture": "#0"},
				"south": {"uv": [5.984, 14.016, 5.016, 14.984], "texture": "#0"},
				"west": {"uv": [5.016, 14.016, 5.984, 14.984], "rotation": 90, "texture": "#0"},
				"up": {"uv": [5.984, 14.984, 5.016, 14.016], "texture": "#0"},
				"down": {"uv": [5.984, 14.016, 5.016, 14.984], "texture": "#0"}
			}
		},
		{
			"from": [4, 0, 6],
			"to": [5, 1, 7],
			"faces": {
				"north": {"uv": [11.016, 9.016, 11.984, 9.984], "texture": "#0"},
				"east": {"uv": [11.016, 9.016, 11.984, 9.984], "rotation": 90, "texture": "#0"},
				"south": {"uv": [11.984, 9.016, 11.016, 9.984], "texture": "#0"},
				"west": {"uv": [11.016, 9.016, 11.984, 9.984], "rotation": 90, "texture": "#0"},
				"up": {"uv": [11.984, 9.984, 11.016, 9.016], "texture": "#0"},
				"down": {"uv": [11.984, 9.016, 11.016, 9.984], "texture": "#0"}
			}
		}
	],
	"gui_light": "front",
	"display": {
		"thirdperson_righthand": {
			"rotation": [-39.75, 0, -90],
			"translation": [7.25, 5.5, 1.25]
		},
		"thirdperson_lefthand": {
			"rotation": [-129.5, 0, -90],
			"translation": [7.25, 5.5, 1.25]
		},
		"firstperson_righthand": {
			"rotation": [126, -180, 90],
			"translation": [9, 4.25, 0]
		},
		"firstperson_lefthand": {
			"rotation": [35, -180, 90],
			"translation": [10, 4.25, 0]
		},
		"ground": {
			"translation": [0, 5.75, 0]
		},
		"gui": {
			"rotation": [-90, 0, -180]
		},
		"head": {
			"rotation": [-90, -72, 0],
			"translation": [9.25, 8.25, -7.25]
		},
		"fixed": {
			"rotation": [-90, 0, 0],
			"translation": [0, 0, -7.5]
		}
	}
}