{
	"credit": "Made with Blockbench",
	"texture_size": [64, 64],
	"textures": {
		"0": "hattextures/gregsteapot",
		"particle": "hattextures/gregsteapot"
	},
	"elements": [
		{
			"from": [4, 10, 4],
			"to": [12, 11, 12],
			"faces": {
				"north": {"uv": [6.75, 1.5, 8.75, 1.75], "texture": "#0"},
				"east": {"uv": [6.75, 2, 8.75, 2.25], "texture": "#0"},
				"south": {"uv": [6.75, 2.5, 8.75, 2.75], "texture": "#0"},
				"west": {"uv": [6.75, 3, 8.75, 3.25], "texture": "#0"},
				"up": {"uv": [2, 2, 0, 0], "texture": "#0"},
				"down": {"uv": [2, 2.25, 0, 4.25], "texture": "#0"}
			}
		},
		{
			"from": [4, 9, 4],
			"to": [12, 10, 12],
			"faces": {
				"north": {"uv": [6.75, 3.5, 8.75, 3.75], "texture": "#0"},
				"east": {"uv": [6.75, 4, 8.75, 4.25], "texture": "#0"},
				"south": {"uv": [4.5, 6.75, 6.5, 7], "texture": "#0"},
				"west": {"uv": [6.75, 4.5, 8.75, 4.75], "texture": "#0"},
				"up": {"uv": [4.25, 2, 2.25, 0], "texture": "#0"},
				"down": {"uv": [4.25, 2.25, 2.25, 4.25], "texture": "#0"}
			}
		},
		{
			"from": [14, 1.25, 7],
			"to": [15, 2.25, 9],
			"rotation": {"angle": 0, "axis": "y", "origin": [0, 0.25, 0]},
			"faces": {
				"north": {"uv": [9.75, 8.75, 10, 9], "texture": "#0"},
				"east": {"uv": [10.25, 10.25, 10.75, 10.5], "texture": "#0"},
				"south": {"uv": [11.25, 4, 11.5, 4.25], "texture": "#0"},
				"west": {"uv": [5.25, 10.5, 5.75, 10.75], "texture": "#0"},
				"up": {"uv": [3, 10.75, 2.75, 10.25], "texture": "#0"},
				"down": {"uv": [6.25, 10.5, 6, 11], "texture": "#0"}
			}
		},
		{
			"from": [16.60061, -4.79681, 7],
			"to": [17.60061, -3.79681, 9],
			"rotation": {"angle": 22.5, "axis": "z", "origin": [0.60061, -5.79681, 0]},
			"faces": {
				"north": {"uv": [11.25, 5.25, 11.5, 5.5], "texture": "#0"},
				"east": {"uv": [10.75, 0, 11.25, 0.25], "texture": "#0"},
				"south": {"uv": [9.75, 11.25, 10, 11.5], "texture": "#0"},
				"west": {"uv": [10.75, 0.5, 11.25, 0.75], "texture": "#0"},
				"up": {"uv": [11, 3.5, 10.75, 3], "texture": "#0"},
				"down": {"uv": [11, 3.75, 10.75, 4.25], "texture": "#0"}
			}
		},
		{
			"from": [15.42388, 1.83979, 7],
			"to": [16.42388, 2.83979, 9],
			"rotation": {"angle": 45, "axis": "z", "origin": [15.92388, 2.33979, 8]},
			"faces": {
				"north": {"uv": [10.25, 11.25, 10.5, 11.5], "texture": "#0"},
				"east": {"uv": [10.75, 1, 11.25, 1.25], "texture": "#0"},
				"south": {"uv": [11.25, 10.5, 11.5, 10.75], "texture": "#0"},
				"west": {"uv": [8, 10.75, 8.5, 11], "texture": "#0"},
				"up": {"uv": [9, 11.25, 8.75, 10.75], "texture": "#0"},
				"down": {"uv": [9.5, 10.75, 9.25, 11.25], "texture": "#0"}
			}
		},
		{
			"from": [15.86039, 2.49307, 7],
			"to": [16.86039, 3.49307, 9],
			"rotation": {"angle": -22.5, "axis": "z", "origin": [16.36039, 2.99307, 8]},
			"faces": {
				"north": {"uv": [10.75, 11.25, 11, 11.5], "texture": "#0"},
				"east": {"uv": [9.75, 10.75, 10.25, 11], "texture": "#0"},
				"south": {"uv": [11.25, 11, 11.5, 11.25], "texture": "#0"},
				"west": {"uv": [10.5, 10.75, 11, 11], "texture": "#0"},
				"up": {"uv": [0.25, 11.5, 0, 11], "texture": "#0"},
				"down": {"uv": [0.75, 11, 0.5, 11.5], "texture": "#0"}
			}
		},
		{
			"from": [14, 6.25, 7],
			"to": [15, 7.25, 9],
			"rotation": {"angle": 0, "axis": "y", "origin": [0, 8.25, 0]},
			"faces": {
				"north": {"uv": [11.5, 0, 11.75, 0.25], "texture": "#0"},
				"east": {"uv": [1, 11, 1.5, 11.25], "texture": "#0"},
				"south": {"uv": [11.5, 0.5, 11.75, 0.75], "texture": "#0"},
				"west": {"uv": [1.75, 11, 2.25, 11.25], "texture": "#0"},
				"up": {"uv": [2.75, 11.5, 2.5, 11], "texture": "#0"},
				"down": {"uv": [11.25, 4.5, 11, 5], "texture": "#0"}
			}
		},
		{
			"from": [16.60061, 12.29681, 7],
			"to": [17.60061, 13.29681, 9],
			"rotation": {"angle": -22.5, "axis": "z", "origin": [0.60061, 14.29681, 0]},
			"faces": {
				"north": {"uv": [1, 11.5, 1.25, 11.75], "texture": "#0"},
				"east": {"uv": [5.25, 11, 5.75, 11.25], "texture": "#0"},
				"south": {"uv": [11.5, 1, 11.75, 1.25], "texture": "#0"},
				"west": {"uv": [11, 5.75, 11.5, 6], "texture": "#0"},
				"up": {"uv": [6.75, 11.5, 6.5, 11], "texture": "#0"},
				"down": {"uv": [7.25, 11, 7, 11.5], "texture": "#0"}
			}
		},
		{
			"from": [15.42388, 5.66021, 7],
			"to": [16.42388, 6.66021, 9],
			"rotation": {"angle": -45, "axis": "z", "origin": [15.92388, 6.16021, 8]},
			"faces": {
				"north": {"uv": [1.5, 11.5, 1.75, 11.75], "texture": "#0"},
				"east": {"uv": [11, 8, 11.5, 8.25], "texture": "#0"},
				"south": {"uv": [2, 11.5, 2.25, 11.75], "texture": "#0"},
				"west": {"uv": [11, 8.5, 11.5, 8.75], "texture": "#0"},
				"up": {"uv": [11.25, 9.5, 11, 9], "texture": "#0"},
				"down": {"uv": [11.25, 9.75, 11, 10.25], "texture": "#0"}
			}
		},
		{
			"from": [15.86039, 5.00693, 7],
			"to": [16.86039, 6.00693, 9],
			"rotation": {"angle": 22.5, "axis": "z", "origin": [16.36039, 5.50693, 8]},
			"faces": {
				"north": {"uv": [3, 11.5, 3.25, 11.75], "texture": "#0"},
				"east": {"uv": [11.25, 1.5, 11.75, 1.75], "texture": "#0"},
				"south": {"uv": [3.5, 11.5, 3.75, 11.75], "texture": "#0"},
				"west": {"uv": [11.25, 2, 11.75, 2.25], "texture": "#0"},
				"up": {"uv": [11.5, 3, 11.25, 2.5], "texture": "#0"},
				"down": {"uv": [11.5, 3.25, 11.25, 3.75], "texture": "#0"}
			}
		},
		{
			"from": [16.01367, 3.26367, 7],
			"to": [17.01367, 5.26367, 9],
			"rotation": {"angle": 0, "axis": "z", "origin": [16.51367, 3.76367, 8]},
			"faces": {
				"north": {"uv": [6, 11.25, 6.25, 11.75], "texture": "#0"},
				"east": {"uv": [9.5, 4.5, 10, 5], "texture": "#0"},
				"south": {"uv": [11.25, 6.25, 11.5, 6.75], "texture": "#0"},
				"west": {"uv": [9.5, 9.25, 10, 9.75], "texture": "#0"},
				"up": {"uv": [11.5, 7.5, 11.25, 7], "texture": "#0"},
				"down": {"uv": [8.25, 11.25, 8, 11.75], "texture": "#0"}
			}
		},
		{
			"from": [-1.2, 2.8, 6.8],
			"to": [5.2, 5.2, 9.2],
			"rotation": {"angle": 22.5, "axis": "z", "origin": [0, 0, 0]},
			"faces": {
				"north": {"uv": [4.5, 6, 6, 6.5], "texture": "#0"},
				"east": {"uv": [10, 3, 10.5, 3.5], "texture": "#0"},
				"south": {"uv": [6.25, 6, 7.75, 6.5], "texture": "#0"},
				"west": {"uv": [10, 3.75, 10.5, 4.25], "texture": "#0"},
				"up": {"uv": [8.25, 0.5, 6.75, 0], "texture": "#0"},
				"down": {"uv": [8.25, 0.75, 6.75, 1.25], "texture": "#0"}
			}
		},
		{
			"from": [-4.27193, 2.18896, 6.8],
			"to": [-1.87193, 4.58896, 9.2],
			"rotation": {"angle": 0, "axis": "z", "origin": [-3.07193, -0.61104, 0]},
			"faces": {
				"north": {"uv": [9.5, 10, 10, 10.5], "texture": "#0"},
				"east": {"uv": [2, 10.25, 2.5, 10.75], "texture": "#0"},
				"south": {"uv": [10.25, 4.5, 10.75, 5], "texture": "#0"},
				"west": {"uv": [10.25, 5.75, 10.75, 6.25], "texture": "#0"},
				"up": {"uv": [10.75, 9.25, 10.25, 8.75], "texture": "#0"},
				"down": {"uv": [10.75, 9.5, 10.25, 10], "texture": "#0"}
			}
		},
		{
			"from": [3.9, 9.9, 11.9],
			"to": [12.1, 11.1, 13.1],
			"faces": {
				"north": {"uv": [6.75, 5, 8.75, 5.25], "texture": "#0"},
				"east": {"uv": [4, 11.5, 4.25, 11.75], "texture": "#0"},
				"south": {"uv": [6.75, 5.5, 8.75, 5.75], "texture": "#0"},
				"west": {"uv": [4.5, 11.5, 4.75, 11.75], "texture": "#0"},
				"up": {"uv": [8.75, 7, 6.75, 6.75], "texture": "#0"},
				"down": {"uv": [6.5, 7.25, 4.5, 7.5], "texture": "#0"}
			}
		},
		{
			"from": [3.9, 9.9, 2.9],
			"to": [12.1, 11.1, 4.1],
			"faces": {
				"north": {"uv": [6.75, 7.25, 8.75, 7.5], "texture": "#0"},
				"east": {"uv": [11.5, 4.5, 11.75, 4.75], "texture": "#0"},
				"south": {"uv": [0, 7.5, 2, 7.75], "texture": "#0"},
				"west": {"uv": [5, 11.5, 5.25, 11.75], "texture": "#0"},
				"up": {"uv": [4.25, 7.75, 2.25, 7.5], "texture": "#0"},
				"down": {"uv": [6.5, 7.75, 4.5, 8], "texture": "#0"}
			}
		},
		{
			"from": [2.9, 9.9, 3.9],
			"to": [4.1, 11.1, 12.1],
			"faces": {
				"north": {"uv": [5.5, 11.5, 5.75, 11.75], "texture": "#0"},
				"east": {"uv": [6.75, 7.75, 8.75, 8], "texture": "#0"},
				"south": {"uv": [7.5, 11.5, 7.75, 11.75], "texture": "#0"},
				"west": {"uv": [0, 8, 2, 8.25], "texture": "#0"},
				"up": {"uv": [2.5, 10, 2.25, 8], "texture": "#0"},
				"down": {"uv": [3, 8, 2.75, 10], "texture": "#0"}
			}
		},
		{
			"from": [11.9, 9.9, 3.9],
			"to": [13.1, 11.1, 12.1],
			"faces": {
				"north": {"uv": [8.5, 11.5, 8.75, 11.75], "texture": "#0"},
				"east": {"uv": [8, 6, 10, 6.25], "texture": "#0"},
				"south": {"uv": [9, 11.5, 9.25, 11.75], "texture": "#0"},
				"west": {"uv": [3.25, 8.25, 5.25, 8.5], "texture": "#0"},
				"up": {"uv": [5.75, 10.25, 5.5, 8.25], "texture": "#0"},
				"down": {"uv": [6.25, 8.25, 6, 10.25], "texture": "#0"}
			}
		},
		{
			"from": [4, 8, 3],
			"to": [12, 9, 4],
			"faces": {
				"north": {"uv": [6.5, 8.25, 8.5, 8.5], "texture": "#0"},
				"east": {"uv": [11.5, 9, 11.75, 9.25], "texture": "#0"},
				"south": {"uv": [0, 8.5, 2, 8.75], "texture": "#0"},
				"west": {"uv": [11.5, 9.5, 11.75, 9.75], "texture": "#0"},
				"up": {"uv": [10.5, 0.25, 8.5, 0], "texture": "#0"},
				"down": {"uv": [10.5, 0.5, 8.5, 0.75], "texture": "#0"}
			}
		},
		{
			"from": [3, 8, 4],
			"to": [4, 9, 12],
			"faces": {
				"north": {"uv": [11.5, 10, 11.75, 10.25], "texture": "#0"},
				"east": {"uv": [8.5, 1, 10.5, 1.25], "texture": "#0"},
				"south": {"uv": [11.25, 11.5, 11.5, 11.75], "texture": "#0"},
				"west": {"uv": [3.25, 8.75, 5.25, 9], "texture": "#0"},
				"up": {"uv": [6.75, 10.75, 6.5, 8.75], "texture": "#0"},
				"down": {"uv": [7.25, 8.75, 7, 10.75], "texture": "#0"}
			}
		},
		{
			"from": [4, 8, 12],
			"to": [12, 9, 13],
			"faces": {
				"north": {"uv": [7.5, 8.75, 9.5, 9], "texture": "#0"},
				"east": {"uv": [0, 11.75, 0.25, 12], "texture": "#0"},
				"south": {"uv": [8.75, 8.25, 10.75, 8.5], "texture": "#0"},
				"west": {"uv": [0.5, 11.75, 0.75, 12], "texture": "#0"},
				"up": {"uv": [2, 9.25, 0, 9], "texture": "#0"},
				"down": {"uv": [11, 1.5, 9, 1.75], "texture": "#0"}
			}
		},
		{
			"from": [12, 8, 4],
			"to": [13, 9, 12],
			"faces": {
				"north": {"uv": [2.5, 11.75, 2.75, 12], "texture": "#0"},
				"east": {"uv": [9, 2, 11, 2.25], "texture": "#0"},
				"south": {"uv": [11.75, 2.5, 12, 2.75], "texture": "#0"},
				"west": {"uv": [9, 2.5, 11, 2.75], "texture": "#0"},
				"up": {"uv": [9.25, 5, 9, 3], "texture": "#0"},
				"down": {"uv": [3.5, 9.25, 3.25, 11.25], "texture": "#0"}
			}
		},
		{
			"from": [3, 1, 2],
			"to": [13, 8, 5],
			"faces": {
				"north": {"uv": [0, 4.5, 2, 5.75], "texture": "#0"},
				"east": {"uv": [8, 9.25, 8.25, 10.5], "texture": "#0"},
				"south": {"uv": [4.5, 0, 6.5, 1.25], "texture": "#0"},
				"west": {"uv": [8.5, 9.25, 8.75, 10.5], "texture": "#0"},
				"up": {"uv": [11, 5.5, 9, 5.25], "texture": "#0"},
				"down": {"uv": [11, 6.5, 9, 6.75], "texture": "#0"}
			}
		},
		{
			"from": [2, 1, 3],
			"to": [5, 8, 13],
			"faces": {
				"north": {"uv": [9, 9.25, 9.25, 10.5], "texture": "#0"},
				"east": {"uv": [4.5, 1.5, 6.5, 2.75], "texture": "#0"},
				"south": {"uv": [0, 9.5, 0.25, 10.75], "texture": "#0"},
				"west": {"uv": [2.25, 4.5, 4.25, 5.75], "texture": "#0"},
				"up": {"uv": [4, 11.25, 3.75, 9.25], "texture": "#0"},
				"down": {"uv": [4.5, 9.25, 4.25, 11.25], "texture": "#0"}
			}
		},
		{
			"from": [3, 1, 11],
			"to": [13, 8, 14],
			"faces": {
				"north": {"uv": [4.5, 3, 6.5, 4.25], "texture": "#0"},
				"east": {"uv": [0.5, 9.5, 0.75, 10.75], "texture": "#0"},
				"south": {"uv": [4.5, 4.5, 6.5, 5.75], "texture": "#0"},
				"west": {"uv": [1, 9.5, 1.25, 10.75], "texture": "#0"},
				"up": {"uv": [11, 7.25, 9, 7], "texture": "#0"},
				"down": {"uv": [11, 7.5, 9, 7.75], "texture": "#0"}
			}
		},
		{
			"from": [11, 1, 3],
			"to": [14, 8, 13],
			"faces": {
				"north": {"uv": [1.5, 9.5, 1.75, 10.75], "texture": "#0"},
				"east": {"uv": [0, 6, 2, 7.25], "texture": "#0"},
				"south": {"uv": [9.5, 3, 9.75, 4.25], "texture": "#0"},
				"west": {"uv": [2.25, 6, 4.25, 7.25], "texture": "#0"},
				"up": {"uv": [5, 11.25, 4.75, 9.25], "texture": "#0"},
				"down": {"uv": [7.75, 9.25, 7.5, 11.25], "texture": "#0"}
			}
		}
	],
	"gui_light": "front",
	"display": {
		"thirdperson_righthand": {
			"rotation": [-114, 90, 0],
			"translation": [0, 1.5, -2.25],
			"scale": [0.4, 0.4, 0.4]
		},
		"thirdperson_lefthand": {
			"rotation": [-114.5, -90, 0],
			"translation": [0, 1.5, -2.25],
			"scale": [0.4, 0.4, 0.4]
		},
		"firstperson_righthand": {
			"rotation": [0, 89, 180],
			"translation": [0, -1, 0],
			"scale": [0.6, 0.6, 0.6]
		},
		"firstperson_lefthand": {
			"rotation": [0, -89, 180],
			"translation": [0, -1, 0],
			"scale": [0.6, 0.6, 0.6]
		},
		"ground": {
			"rotation": [180, 0, 0],
			"scale": [0.6, 0.6, 0.6]
		},
		"gui": {
			"rotation": [0, 180, 0]
		},
		"head": {
			"translation": [0, 14, 0],
			"scale": [1.1, 1.1, 1.1]
		},
		"fixed": {
			"rotation": [90, 0, 0],
			"translation": [0, 0, -6.5],
			"scale": [2, 2, 2]
		}
	}
}