{
	"credit": "Made with Blockbench",
	"texture_size": [64, 64],
	"textures": {
		"0": "item/kingandrias",
		"particle": "item/kingandrias"
	},
	"elements": [
		{
			"from": [10, -15, -4],
			"to": [17, -1, 3],
			"rotation": {"angle": 0, "axis": "y", "origin": [0, -15, -8]},
			"faces": {
				"north": {"uv": [11.25, 2, 13, 5.5], "texture": "#0"},
				"east": {"uv": [13, 5.5, 11.25, 9], "texture": "#0"},
				"south": {"uv": [11.25, 2, 13, 5.5], "texture": "#0"},
				"west": {"uv": [11.25, 5.5, 13, 9], "texture": "#0"},
				"up": {"uv": [11.25, 2, 13, 3.75], "texture": "#0"},
				"down": {"uv": [11.25, 7.25, 13, 9], "texture": "#0"}
			}
		},
		{
			"from": [-1, -15, -4],
			"to": [6, -1, 3],
			"rotation": {"angle": 0, "axis": "y", "origin": [0, -15, -8]},
			"faces": {
				"north": {"uv": [11.25, 2, 13, 5.5], "texture": "#0"},
				"east": {"uv": [13, 5.5, 11.25, 9], "texture": "#0"},
				"south": {"uv": [11.25, 2, 13, 5.5], "texture": "#0"},
				"west": {"uv": [11.25, 5.5, 13, 9], "texture": "#0"},
				"up": {"uv": [11.25, 2, 13, 3.75], "texture": "#0"},
				"down": {"uv": [11.25, 7.25, 13, 9], "texture": "#0"}
			}
		},
		{
			"from": [-1, -1, -4],
			"to": [17, 3, 3],
			"rotation": {"angle": 0, "axis": "y", "origin": [0, -15, -8]},
			"faces": {
				"north": {"uv": [11.5, 9.75, 16, 10.75], "texture": "#0"},
				"east": {"uv": [14.25, 9.75, 16, 10.75], "texture": "#0"},
				"south": {"uv": [11.5, 9.75, 16, 10.75], "texture": "#0"},
				"west": {"uv": [14.25, 9.75, 16, 10.75], "texture": "#0"},
				"up": {"uv": [11.5, 9, 16, 10.75], "texture": "#0"},
				"down": {"uv": [11.5, 9, 16, 10.75], "texture": "#0"}
			}
		},
		{
			"from": [10, -15, -7],
			"to": [17, -12, -4],
			"rotation": {"angle": 0, "axis": "y", "origin": [0, -15, -8]},
			"faces": {
				"north": {"uv": [11.25, 4.75, 13, 5.5], "texture": "#0"},
				"east": {"uv": [13, 4.75, 12.25, 5.5], "texture": "#0"},
				"south": {"uv": [11.25, 4.75, 13, 5.5], "texture": "#0"},
				"west": {"uv": [12, 4.75, 11.25, 5.5], "texture": "#0"},
				"up": {"uv": [11.25, 4.75, 13, 5.5], "texture": "#0"},
				"down": {"uv": [11.25, 4.75, 13, 5.5], "texture": "#0"}
			}
		},
		{
			"from": [-1, -15, -7],
			"to": [6, -12, -4],
			"rotation": {"angle": 0, "axis": "y", "origin": [0, -15, -8]},
			"faces": {
				"north": {"uv": [11.25, 4.75, 13, 5.5], "texture": "#0"},
				"east": {"uv": [13, 4.75, 12.25, 5.5], "texture": "#0"},
				"south": {"uv": [11.25, 4.75, 13, 5.5], "texture": "#0"},
				"west": {"uv": [12, 4.75, 11.25, 5.5], "texture": "#0"},
				"up": {"uv": [11.25, 4.75, 13, 5.5], "texture": "#0"},
				"down": {"uv": [11.25, 4.75, 13, 5.5], "texture": "#0"}
			}
		},
		{
			"from": [-2, -8, -6],
			"to": [7, 3, -6],
			"rotation": {"angle": 0, "axis": "y", "origin": [0, -15, -8]},
			"faces": {
				"north": {"uv": [2.25, 13.25, 0, 16], "texture": "#0"},
				"east": {"uv": [0, 0, 0, 2.75], "texture": "#0"},
				"south": {"uv": [0, 13.25, 2.25, 16], "texture": "#0"},
				"west": {"uv": [0, 0, 0, 2.75], "texture": "#0"},
				"up": {"uv": [0, 0, 2.25, 0], "texture": "#0"},
				"down": {"uv": [0, 0, 2.25, 0], "texture": "#0"}
			}
		},
		{
			"from": [9, -8, -6],
			"to": [18, 3, -6],
			"rotation": {"angle": 0, "axis": "y", "origin": [0, -15, -8]},
			"faces": {
				"north": {"uv": [0, 13.25, 2.25, 16], "texture": "#0"},
				"east": {"uv": [0, 0, 0, 2.75], "texture": "#0"},
				"south": {"uv": [2.25, 13.25, 0, 16], "texture": "#0"},
				"west": {"uv": [0, 0, 0, 2.75], "texture": "#0"},
				"up": {"uv": [0, 0, 2.25, 0], "texture": "#0"},
				"down": {"uv": [0, 0, 2.25, 0], "texture": "#0"}
			}
		},
		{
			"from": [-2, -8, 5],
			"to": [18, 3, 5],
			"rotation": {"angle": 0, "axis": "y", "origin": [0, -15, -8]},
			"faces": {
				"north": {"uv": [0, 10.5, 5, 13.25], "texture": "#0"},
				"east": {"uv": [0, 0, 0, 2.75], "texture": "#0"},
				"south": {"uv": [0, 10.5, 5, 13.25], "texture": "#0"},
				"west": {"uv": [0, 0, 0, 2.75], "texture": "#0"},
				"up": {"uv": [0, 0, 5, 0], "texture": "#0"},
				"down": {"uv": [0, 0, 5, 0], "texture": "#0"}
			}
		},
		{
			"from": [-2, -8, -6],
			"to": [-2, 3, 5],
			"rotation": {"angle": 0, "axis": "y", "origin": [0, -15, -8]},
			"faces": {
				"north": {"uv": [0, 0, 0, 2.75], "texture": "#0"},
				"east": {"uv": [2.25, 13.25, 5, 16], "texture": "#0"},
				"south": {"uv": [0, 0, 0, 2.75], "texture": "#0"},
				"west": {"uv": [2.25, 13.25, 5, 16], "texture": "#0"},
				"up": {"uv": [0, 0, 0, 2.75], "texture": "#0"},
				"down": {"uv": [0, 0, 0, 2.75], "texture": "#0"}
			}
		},
		{
			"from": [18, -8, -6],
			"to": [18, 3, 5],
			"rotation": {"angle": 0, "axis": "y", "origin": [0, -15, -8]},
			"faces": {
				"north": {"uv": [0, 0, 0, 2.75], "texture": "#0"},
				"east": {"uv": [2.25, 13.25, 5, 16], "texture": "#0"},
				"south": {"uv": [0, 0, 0, 2.75], "texture": "#0"},
				"west": {"uv": [2.25, 13.25, 5, 16], "texture": "#0"},
				"up": {"uv": [0, 0, 0, 2.75], "texture": "#0"},
				"down": {"uv": [0, 0, 0, 2.75], "texture": "#0"}
			}
		},
		{
			"from": [-1, 3, -6],
			"to": [17, 5, 5],
			"rotation": {"angle": 0, "axis": "y", "origin": [0, -15, -8]},
			"faces": {
				"north": {"uv": [0, 10, 4.5, 10.5], "texture": "#0"},
				"east": {"uv": [0, 10, 2.75, 10.5], "texture": "#0"},
				"south": {"uv": [0, 10, 4.5, 10.5], "texture": "#0"},
				"west": {"uv": [0, 10, 2.75, 10.5], "texture": "#0"},
				"up": {"uv": [0, 10.5, 5, 13], "texture": "#0"},
				"down": {"uv": [0, 10.5, 5, 13], "texture": "#0"}
			}
		},
		{
			"from": [4, 2, -6.25],
			"to": [12, 5, -6.25],
			"rotation": {"angle": 0, "axis": "y", "origin": [0, -15, -8]},
			"faces": {
				"north": {"uv": [5, 15.25, 7, 16], "texture": "#0"},
				"east": {"uv": [0, 0, 0, 0.75], "texture": "#0"},
				"south": {"uv": [5, 15.25, 7, 16], "texture": "#0"},
				"west": {"uv": [0, 0, 0, 0.75], "texture": "#0"},
				"up": {"uv": [0, 0, 2, 0], "texture": "#0"},
				"down": {"uv": [0, 0, 2, 0], "texture": "#0"}
			}
		},
		{
			"from": [17, 3, -6],
			"to": [18, 4, 5],
			"rotation": {"angle": 0, "axis": "y", "origin": [0, -15, -8]},
			"faces": {
				"north": {"uv": [0, 10.25, 0.25, 10.5], "texture": "#0"},
				"east": {"uv": [0, 10.25, 0.25, 10.5], "texture": "#0"},
				"south": {"uv": [0, 10.25, 0.25, 10.5], "texture": "#0"},
				"west": {"uv": [0, 10.25, 0.25, 10.5], "texture": "#0"},
				"up": {"uv": [0, 10.25, 0.25, 10.5], "texture": "#0"},
				"down": {"uv": [0, 10.25, 0.25, 10.5], "texture": "#0"}
			}
		},
		{
			"from": [-2, 3, -6],
			"to": [-1, 4, 5],
			"rotation": {"angle": 0, "axis": "y", "origin": [0, -15, -8]},
			"faces": {
				"north": {"uv": [0, 10, 0.25, 10.25], "texture": "#0"},
				"east": {"uv": [0, 10, 0.25, 10.25], "texture": "#0"},
				"south": {"uv": [0, 10, 0.25, 10.25], "texture": "#0"},
				"west": {"uv": [0, 10, 0.25, 10.25], "texture": "#0"},
				"up": {"uv": [0, 10, 0.25, 10.25], "texture": "#0"},
				"down": {"uv": [0, 10, 0.25, 10.25], "texture": "#0"}
			}
		},
		{
			"from": [4, -5, 3],
			"to": [12, 3, 9],
			"rotation": {"angle": 22.5, "axis": "x", "origin": [8, -1.42178, 8.12045]},
			"faces": {
				"north": {"uv": [12, 0, 14, 2], "texture": "#0"},
				"east": {"uv": [12, 0, 10.5, 2], "texture": "#0"},
				"south": {"uv": [12, 0, 14, 2], "texture": "#0"},
				"west": {"uv": [10.5, 0, 12, 2], "texture": "#0"},
				"up": {"uv": [14, 0, 16, 1.5], "texture": "#0"},
				"down": {"uv": [14, 1.5, 16, 3], "texture": "#0"}
			}
		},
		{
			"from": [4.5, -4.5, 7.2409],
			"to": [11.5, 2.5, 16.2409],
			"rotation": {"angle": 45, "axis": "x", "origin": [8, -1.42178, 8.12045]},
			"faces": {
				"north": {"uv": [12, 0, 14, 2], "texture": "#0"},
				"east": {"uv": [10.5, 0, 12, 2], "texture": "#0"},
				"south": {"uv": [12, 0, 14, 2], "texture": "#0"},
				"west": {"uv": [10.5, 0, 12, 2], "texture": "#0"},
				"up": {"uv": [14, 0, 16, 1.5], "texture": "#0"},
				"down": {"uv": [14, 1.5, 16, 3], "texture": "#0"}
			}
		},
		{
			"from": [5, -10.71685, 12.60554],
			"to": [11, -4.71685, 18.60554],
			"rotation": {"angle": 22.5, "axis": "x", "origin": [7.5, -7.71685, 15.60554]},
			"faces": {
				"north": {"uv": [12, 0, 14, 2], "texture": "#0"},
				"east": {"uv": [10.5, 0, 12, 2], "texture": "#0"},
				"south": {"uv": [12, 0, 14, 2], "texture": "#0"},
				"west": {"uv": [10.5, 0, 12, 2], "texture": "#0"},
				"up": {"uv": [14, 0, 16, 1.5], "texture": "#0"},
				"down": {"uv": [14, 1.5, 16, 3], "texture": "#0"}
			}
		},
		{
			"from": [5.5, -12.34221, 17.0336],
			"to": [10.5, -7.34221, 23.0336],
			"rotation": {"angle": 22.5, "axis": "x", "origin": [8.5, -10.09221, 20.0336]},
			"faces": {
				"north": {"uv": [12, 0.25, 13.25, 1.5], "texture": "#0"},
				"east": {"uv": [10.5, 0.25, 12, 1.5], "texture": "#0"},
				"south": {"uv": [12, 0.25, 13.25, 1.5], "texture": "#0"},
				"west": {"uv": [10.5, 0.25, 12, 1.5], "texture": "#0"},
				"up": {"uv": [14, 0, 15.25, 1.5], "texture": "#0"},
				"down": {"uv": [14, 1.5, 15.25, 3], "texture": "#0"}
			}
		},
		{
			"from": [6, -13.31899, 21.9442],
			"to": [10, -9.31899, 26.9442],
			"rotation": {"angle": 0, "axis": "x", "origin": [7.5, -11.31899, 24.4442]},
			"faces": {
				"north": {"uv": [11.75, 0.5, 12.75, 1.5], "texture": "#0"},
				"east": {"uv": [10.5, 0.5, 11.75, 1.5], "texture": "#0"},
				"south": {"uv": [11.75, 0.5, 12.75, 1.5], "texture": "#0"},
				"west": {"uv": [10.5, 0.5, 11.75, 1.5], "texture": "#0"},
				"up": {"uv": [15, 0, 16, 1.25], "texture": "#0"},
				"down": {"uv": [14, 1.75, 15, 3], "texture": "#0"}
			}
		},
		{
			"from": [6.5, -13.31899, 26.9442],
			"to": [9.5, -10.31899, 31.9442],
			"rotation": {"angle": 0, "axis": "x", "origin": [7.5, -11.31899, 24.4442]},
			"faces": {
				"north": {"uv": [14, 1, 14.75, 1.75], "texture": "#0"},
				"east": {"uv": [10.5, 0.75, 11.75, 1.5], "texture": "#0"},
				"south": {"uv": [14, 1, 14.75, 1.75], "texture": "#0"},
				"west": {"uv": [10.5, 0.75, 11.75, 1.5], "texture": "#0"},
				"up": {"uv": [15.25, 0, 16, 1.25], "texture": "#0"},
				"down": {"uv": [15.25, 1.75, 16, 3], "texture": "#0"}
			}
		},
		{
			"from": [-2, 5, -7],
			"to": [18, 19, 5],
			"rotation": {"angle": 0, "axis": "y", "origin": [0, -15, 0]},
			"faces": {
				"north": {"uv": [0, 0, 5, 3.5], "texture": "#0"},
				"east": {"uv": [13, 3, 16, 6.5], "texture": "#0"},
				"south": {"uv": [5, 0, 10, 3.5], "texture": "#0"},
				"west": {"uv": [13, 3, 16, 6.5], "texture": "#0"},
				"up": {"uv": [3.75, 3.75, 8.75, 6.75], "texture": "#0"},
				"down": {"uv": [3.75, 3.75, 8.75, 6.75], "texture": "#0"}
			}
		},
		{
			"from": [2, 18, -6],
			"to": [3, 22, 3],
			"rotation": {"angle": 0, "axis": "y", "origin": [0, -15, 0]},
			"faces": {
				"north": {"uv": [3.5, 6.75, 3.75, 7.75], "texture": "#0"},
				"east": {"uv": [3.5, 6.75, 5.75, 7.75], "texture": "#0"},
				"south": {"uv": [3.5, 6.75, 3.75, 7.75], "texture": "#0"},
				"west": {"uv": [3.5, 6.75, 5.75, 7.75], "texture": "#0"},
				"up": {"uv": [3.5, 5.5, 3.75, 7.75], "texture": "#0"},
				"down": {"uv": [3.5, 5.5, 3.75, 7.75], "texture": "#0"}
			}
		},
		{
			"from": [13, 18, -6],
			"to": [14, 22, 3],
			"rotation": {"angle": 0, "axis": "y", "origin": [0, -15, 0]},
			"faces": {
				"north": {"uv": [3.5, 6.75, 3.75, 7.75], "texture": "#0"},
				"east": {"uv": [3.5, 6.75, 5.75, 7.75], "texture": "#0"},
				"south": {"uv": [3.5, 6.75, 3.75, 7.75], "texture": "#0"},
				"west": {"uv": [3.5, 6.75, 5.75, 7.75], "texture": "#0"},
				"up": {"uv": [3.5, 5.5, 3.75, 7.75], "texture": "#0"},
				"down": {"uv": [3.5, 5.5, 3.75, 7.75], "texture": "#0"}
			}
		},
		{
			"from": [3, 18, 2],
			"to": [13, 22, 3],
			"rotation": {"angle": 0, "axis": "y", "origin": [0, -15, 0]},
			"faces": {
				"north": {"uv": [3.5, 6.75, 6, 7.75], "texture": "#0"},
				"east": {"uv": [3.5, 6.75, 3.75, 7.75], "texture": "#0"},
				"south": {"uv": [3.5, 6.75, 6, 7.75], "texture": "#0"},
				"west": {"uv": [3.5, 6.75, 3.75, 7.75], "texture": "#0"},
				"up": {"uv": [3.5, 7.5, 6, 7.75], "texture": "#0"},
				"down": {"uv": [3.5, 7.5, 6, 7.75], "texture": "#0"}
			}
		},
		{
			"from": [-9, 11, -8],
			"to": [0, 20, 4],
			"rotation": {"angle": 0, "axis": "y", "origin": [0, -15, 0]},
			"faces": {
				"north": {"uv": [7.25, 13, 5, 15.25], "texture": "#0"},
				"east": {"uv": [3.5, 7.75, 6.5, 10], "texture": "#0"},
				"south": {"uv": [5, 13, 7.25, 15.25], "texture": "#0"},
				"west": {"uv": [3.5, 7.75, 6.5, 10], "texture": "#0"},
				"up": {"uv": [5, 10, 7.25, 13], "texture": "#0"},
				"down": {"uv": [5, 10, 7.25, 13], "texture": "#0"}
			}
		},
		{
			"from": [16, 11, -8],
			"to": [25, 20, 4],
			"rotation": {"angle": 0, "axis": "y", "origin": [0, -15, 0]},
			"faces": {
				"north": {"uv": [5, 13, 7.25, 15.25], "texture": "#0"},
				"east": {"uv": [3.5, 7.75, 6.5, 10], "texture": "#0"},
				"south": {"uv": [7.25, 13, 5, 15.25], "texture": "#0"},
				"west": {"uv": [3.5, 7.75, 6.5, 10], "texture": "#0"},
				"up": {"uv": [5, 10, 7.25, 13], "texture": "#0"},
				"down": {"uv": [5, 10, 7.25, 13], "texture": "#0"}
			}
		},
		{
			"from": [2.5, 10, -7.5],
			"to": [13.5, 20, -7.5],
			"rotation": {"angle": 0, "axis": "y", "origin": [0, -15, 0]},
			"faces": {
				"north": {"uv": [13.25, 13.5, 16, 16], "texture": "#0"},
				"east": {"uv": [0, 0, 0, 2.25], "texture": "#0"},
				"south": {"uv": [13.25, 13.5, 16, 16], "texture": "#0"},
				"west": {"uv": [0, 0, 0, 2.25], "texture": "#0"},
				"up": {"uv": [0, 0, 2.75, 0], "texture": "#0"},
				"down": {"uv": [0, 0, 2.75, 0], "texture": "#0"}
			}
		},
		{
			"from": [3.5, 18, -8],
			"to": [12.5, 25, 1],
			"rotation": {"angle": 0, "axis": "y", "origin": [0, -15, 0]},
			"faces": {
				"north": {"uv": [11, 14.25, 13.25, 16], "texture": "#0"},
				"east": {"uv": [13.25, 12.5, 11, 14.25], "texture": "#0"},
				"south": {"uv": [11, 10.75, 13.25, 12.5], "texture": "#0"},
				"west": {"uv": [11, 12.5, 13.25, 14.25], "texture": "#0"},
				"up": {"uv": [8.75, 11.5, 11, 13.75], "texture": "#0"},
				"down": {"uv": [8.75, 13.75, 11, 16], "texture": "#0"}
			}
		},
		{
			"from": [4.5, 25, -5.75],
			"to": [5.5, 26, -4.75],
			"rotation": {"angle": 0, "axis": "y", "origin": [0, -15, 0]},
			"faces": {
				"north": {"uv": [15.75, 13, 16, 13.25], "texture": "#0"},
				"east": {"uv": [15.75, 13, 16, 13.25], "texture": "#0"},
				"south": {"uv": [15.75, 13, 16, 13.25], "texture": "#0"},
				"west": {"uv": [15.75, 13, 16, 13.25], "texture": "#0"},
				"up": {"uv": [15.75, 13, 16, 13.25], "texture": "#0"},
				"down": {"uv": [15.75, 13, 16, 13.25], "texture": "#0"}
			}
		},
		{
			"from": [5, 25, -6],
			"to": [6, 28, -5],
			"rotation": {"angle": 0, "axis": "y", "origin": [0, -15, 0]},
			"faces": {
				"north": {"uv": [15.5, 12.75, 15.75, 13.5], "texture": "#0"},
				"east": {"uv": [15.5, 12.75, 15.75, 13.5], "texture": "#0"},
				"south": {"uv": [15.5, 12.75, 15.75, 13.5], "texture": "#0"},
				"west": {"uv": [15.5, 12.75, 15.75, 13.5], "texture": "#0"},
				"up": {"uv": [15.5, 12.5, 15.75, 12.75], "texture": "#0"},
				"down": {"uv": [15.5, 13.25, 15.75, 13.5], "texture": "#0"}
			}
		},
		{
			"from": [5.5, 25, -6.25],
			"to": [6.5, 26, -5.25],
			"rotation": {"angle": 0, "axis": "y", "origin": [0, -15, 0]},
			"faces": {
				"north": {"uv": [15.75, 13.25, 16, 13.5], "texture": "#0"},
				"east": {"uv": [15.75, 13.25, 16, 13.5], "texture": "#0"},
				"south": {"uv": [15.75, 13.25, 16, 13.5], "texture": "#0"},
				"west": {"uv": [15.75, 13.25, 16, 13.5], "texture": "#0"},
				"up": {"uv": [15.75, 13.25, 16, 13.5], "texture": "#0"},
				"down": {"uv": [15.75, 13.25, 16, 13.5], "texture": "#0"}
			}
		},
		{
			"from": [7.5, 25, -6.5],
			"to": [8.5, 31, -5.5],
			"rotation": {"angle": 0, "axis": "y", "origin": [0, -15, 0]},
			"faces": {
				"north": {"uv": [15.75, 12, 16, 13.5], "texture": "#0"},
				"east": {"uv": [15.75, 12, 16, 13.5], "texture": "#0"},
				"south": {"uv": [15.75, 12, 16, 13.5], "texture": "#0"},
				"west": {"uv": [15.75, 12, 16, 13.5], "texture": "#0"},
				"up": {"uv": [15.75, 12, 16, 12.25], "texture": "#0"},
				"down": {"uv": [15.75, 13.25, 16, 13.5], "texture": "#0"}
			}
		},
		{
			"from": [6.5, 25, -6.5],
			"to": [7.5, 29, -5.5],
			"rotation": {"angle": 0, "axis": "y", "origin": [0, -15, 0]},
			"faces": {
				"north": {"uv": [15.5, 12.5, 15.75, 13.5], "texture": "#0"},
				"east": {"uv": [15.5, 12.5, 15.75, 13.5], "texture": "#0"},
				"south": {"uv": [15.5, 12.5, 15.75, 13.5], "texture": "#0"},
				"west": {"uv": [15.5, 12.5, 15.75, 13.5], "texture": "#0"},
				"up": {"uv": [15.5, 12.5, 15.75, 12.75], "texture": "#0"},
				"down": {"uv": [15.5, 13.25, 15.75, 13.5], "texture": "#0"}
			}
		},
		{
			"from": [8.5, 25, -6.5],
			"to": [9.5, 29, -5.5],
			"rotation": {"angle": 0, "axis": "y", "origin": [0, -15, 0]},
			"faces": {
				"north": {"uv": [15.5, 12.5, 15.75, 13.5], "texture": "#0"},
				"east": {"uv": [15.5, 12.5, 15.75, 13.5], "texture": "#0"},
				"south": {"uv": [15.5, 12.5, 15.75, 13.5], "texture": "#0"},
				"west": {"uv": [15.5, 12.5, 15.75, 13.5], "texture": "#0"},
				"up": {"uv": [15.5, 12.5, 15.75, 12.75], "texture": "#0"},
				"down": {"uv": [15.5, 13.25, 15.75, 13.5], "texture": "#0"}
			}
		},
		{
			"from": [9.5, 25, -6.25],
			"to": [10.5, 26, -5.25],
			"rotation": {"angle": 0, "axis": "y", "origin": [0, -15, 0]},
			"faces": {
				"north": {"uv": [15.75, 13.25, 16, 13.5], "texture": "#0"},
				"east": {"uv": [15.75, 13.25, 16, 13.5], "texture": "#0"},
				"south": {"uv": [15.75, 13.25, 16, 13.5], "texture": "#0"},
				"west": {"uv": [15.75, 13.25, 16, 13.5], "texture": "#0"},
				"up": {"uv": [15.75, 13.25, 16, 13.5], "texture": "#0"},
				"down": {"uv": [15.75, 13.25, 16, 13.5], "texture": "#0"}
			}
		},
		{
			"from": [10, 25, -6],
			"to": [11, 28, -5],
			"rotation": {"angle": 0, "axis": "y", "origin": [0, -15, 0]},
			"faces": {
				"north": {"uv": [15.5, 12.75, 15.75, 13.5], "texture": "#0"},
				"east": {"uv": [15.5, 12.75, 15.75, 13.5], "texture": "#0"},
				"south": {"uv": [15.5, 12.75, 15.75, 13.5], "texture": "#0"},
				"west": {"uv": [15.5, 12.75, 15.75, 13.5], "texture": "#0"},
				"up": {"uv": [15.5, 12.5, 15.75, 12.75], "texture": "#0"},
				"down": {"uv": [15.5, 13.25, 15.75, 13.5], "texture": "#0"}
			}
		},
		{
			"from": [10.5, 25, -5.75],
			"to": [11.5, 26, -4.75],
			"rotation": {"angle": 0, "axis": "y", "origin": [0, -15, 0]},
			"faces": {
				"north": {"uv": [15.75, 13.25, 16, 13.5], "texture": "#0"},
				"east": {"uv": [15.75, 12.75, 16, 13], "texture": "#0"},
				"south": {"uv": [15.75, 13, 16, 13.25], "texture": "#0"},
				"west": {"uv": [15.75, 12.75, 16, 13], "texture": "#0"},
				"up": {"uv": [15.75, 13.25, 16, 13.5], "texture": "#0"},
				"down": {"uv": [15.75, 13, 16, 13.25], "texture": "#0"}
			}
		},
		{
			"from": [10.5, 19, -8.5],
			"to": [11.5, 21, -7.5],
			"rotation": {"angle": 22.5, "axis": "z", "origin": [11, 20, -8]},
			"faces": {
				"north": {"uv": [7, 15.5, 7.25, 16], "texture": "#0"},
				"east": {"uv": [7, 15.5, 7.25, 16], "texture": "#0"},
				"south": {"uv": [7, 15.5, 7.25, 16], "texture": "#0"},
				"west": {"uv": [7, 15.5, 7.25, 16], "texture": "#0"},
				"up": {"uv": [7, 15.75, 7.25, 16], "texture": "#0"},
				"down": {"uv": [7, 15.75, 7.25, 16], "texture": "#0"}
			}
		},
		{
			"from": [4.5, 19, -8.5],
			"to": [5.5, 21, -7.5],
			"rotation": {"angle": -22.5, "axis": "z", "origin": [5, 20, -8]},
			"faces": {
				"north": {"uv": [7, 15.5, 7.25, 16], "texture": "#0"},
				"east": {"uv": [7, 15.5, 7.25, 16], "texture": "#0"},
				"south": {"uv": [7, 15.5, 7.25, 16], "texture": "#0"},
				"west": {"uv": [7, 15.5, 7.25, 16], "texture": "#0"},
				"up": {"uv": [7, 15.75, 7.25, 16], "texture": "#0"},
				"down": {"uv": [7, 15.75, 7.25, 16], "texture": "#0"}
			}
		},
		{
			"from": [-8.5, -4, -6],
			"to": [-2.5, 11, 2],
			"rotation": {"angle": 0, "axis": "y", "origin": [0, -15, 0]},
			"faces": {
				"north": {"uv": [0, 6.25, 1.5, 10], "texture": "#0"},
				"east": {"uv": [1.5, 6.25, 3.5, 10], "texture": "#0"},
				"south": {"uv": [1.5, 6.25, 0, 10], "texture": "#0"},
				"west": {"uv": [1.5, 6.25, 3.5, 10], "texture": "#0"},
				"up": {"uv": [0, 6.25, 1.5, 8.25], "texture": "#0"},
				"down": {"uv": [0, 4.25, 1.5, 6.25], "texture": "#0"}
			}
		},
		{
			"from": [18.5, -4, -6],
			"to": [24.5, 11, 2],
			"rotation": {"angle": 0, "axis": "y", "origin": [0, -15, 0]},
			"faces": {
				"north": {"uv": [1.5, 6.25, 0, 10], "texture": "#0"},
				"east": {"uv": [1.5, 6.25, 3.5, 10], "texture": "#0"},
				"south": {"uv": [0, 6.25, 1.5, 10], "texture": "#0"},
				"west": {"uv": [1.5, 6.25, 3.5, 10], "texture": "#0"},
				"up": {"uv": [0, 6.25, 1.5, 8.25], "texture": "#0"},
				"down": {"uv": [1.5, 4.25, 0, 6.25], "texture": "#0"}
			}
		}
	],
	"display": {
		"thirdperson_righthand": {
			"rotation": [0, -90, 0],
			"translation": [-4.25, 0, 3.5],
			"scale": [0.8, 0.8, 0.8]
		},
		"thirdperson_lefthand": {
			"rotation": [0, -90, 0],
			"translation": [-4.25, 0, 3.5],
			"scale": [0.8, 0.8, 0.8]
		},
		"firstperson_righthand": {
			"translation": [7.75, 2.75, 0]
		},
		"firstperson_lefthand": {
			"translation": [7.75, 2.75, 0]
		},
		"ground": {
			"translation": [0, 59, 20],
			"scale": [2.5, 2.5, 2.5]
		},
		"gui": {
			"rotation": [-164, 35.5, -180],
			"translation": [4.5, 4, 0]
		},
		"head": {
			"translation": [0, 24.75, 27.75],
			"scale": [3, 3, 3]
		},
		"fixed": {
			"rotation": [-90, 0, 0],
			"translation": [0, 30.25, -68.25],
			"scale": [3, 3, 3]
		}
	},
	"groups": [
		{
			"name": "legs/feet/waist",
			"origin": [0, 0, 0],
			"color": 9,
			"children": [0, 1, 2, 3, 4]
		},
		{
			"name": "robe/belt",
			"origin": [8, 8, 8],
			"color": 2,
			"children": [5, 6, 7, 8, 9, 10, 11, 12, 13]
		},
		{
			"name": "tail",
			"origin": [0, 0, 0],
			"color": 0,
			"children": [
				14,
				{
					"name": "subtail1",
					"origin": [0, 0, 0],
					"color": 0,
					"children": [15]
				},
				{
					"name": "subtail2",
					"origin": [0, 0, 0],
					"color": 0,
					"children": [16, 17]
				},
				{
					"name": "subtail3",
					"origin": [0, 0, 0],
					"color": 0,
					"children": [18, 19]
				}
			]
		},
		{
			"name": "armortop",
			"origin": [8, 8, 8],
			"color": 1,
			"children": [20, 21, 22, 23, 24, 25]
		},
		{
			"name": "head/beard",
			"origin": [8, 8, 8],
			"color": 0,
			"children": [
				26,
				27,
				{
					"name": "crown",
					"origin": [0, -15, 0],
					"color": 0,
					"children": [28, 29, 30, 31, 32, 33, 34, 35, 36]
				},
				{
					"name": "mustache1",
					"origin": [8, 8, 8],
					"color": 0,
					"children": [37]
				},
				{
					"name": "mustache2",
					"origin": [8, 8, 8],
					"color": 0,
					"children": [38]
				}
			]
		},
		{
			"name": "arms",
			"origin": [8, 8, 8],
			"color": 0,
			"children": [39, 40]
		}
	]
}