{
	"credit": "Made with Blockbench",
	"texture_size": [64, 32],
	"textures": {
		"0": "item/kingskull",
		"particle": "item/kingskull"
	},
	"elements": [
		{
			"from": [9, 0.5, 3],
			"to": [10, 2.5, 4],
			"faces": {
				"north": {"uv": [2.5, 4, 2.75, 5], "texture": "#0"},
				"east": {"uv": [2.5, 4, 2.75, 5], "texture": "#0"},
				"south": {"uv": [2.5, 4, 2.75, 5], "texture": "#0"},
				"west": {"uv": [2.5, 4, 2.75, 5], "texture": "#0"},
				"up": {"uv": [2.5, 4, 2.75, 4.5], "texture": "#0"},
				"down": {"uv": [2.5, 4.5, 2.75, 5], "texture": "#0"}
			}
		},
		{
			"from": [6, 1.75, 4.75],
			"to": [10, 3.75, 6.75],
			"faces": {
				"north": {"uv": [0.75, 9.5, 2.75, 10.5], "texture": "#0"},
				"east": {"uv": [0.75, 9.5, 1.75, 10.5], "texture": "#0"},
				"south": {"uv": [0.75, 9.5, 2.75, 10.5], "texture": "#0"},
				"west": {"uv": [1.75, 9.5, 2.75, 10.5], "texture": "#0"},
				"up": {"uv": [0.75, 9.5, 2.75, 10.5], "texture": "#0"},
				"down": {"uv": [0.75, 9.5, 2.75, 10.5], "texture": "#0"}
			}
		},
		{
			"from": [4.5, 0.75, 6.75],
			"to": [11.5, 6.75, 12.75],
			"faces": {
				"north": {"uv": [4, 4, 2, 8], "texture": "#0"},
				"east": {"uv": [6, 4, 4, 8], "texture": "#0"},
				"south": {"uv": [6, 4, 8, 8], "texture": "#0"},
				"west": {"uv": [2, 4, 0, 8], "texture": "#0"},
				"up": {"uv": [2, 0, 4, 4], "texture": "#0"},
				"down": {"uv": [4, 0, 6, 4], "texture": "#0"}
			}
		},
		{
			"from": [6, 0.5, 3],
			"to": [7, 2.5, 4],
			"faces": {
				"north": {"uv": [2.5, 4, 2.75, 5], "texture": "#0"},
				"east": {"uv": [2.5, 4, 2.75, 5], "texture": "#0"},
				"south": {"uv": [2.5, 4, 2.75, 5], "texture": "#0"},
				"west": {"uv": [2.5, 4, 2.75, 5], "texture": "#0"},
				"up": {"uv": [2.5, 4, 2.75, 4.5], "texture": "#0"},
				"down": {"uv": [2.5, 4.5, 2.75, 5], "texture": "#0"}
			}
		},
		{
			"from": [5.5, 2, 2.75],
			"to": [10.5, 4, 4.75],
			"faces": {
				"north": {"uv": [0.75, 10.5, 2.75, 11.5], "texture": "#0"},
				"east": {"uv": [0.75, 9.5, 1.25, 10.5], "texture": "#0"},
				"south": {"uv": [0.75, 9.5, 2.75, 10.5], "texture": "#0"},
				"west": {"uv": [2.25, 9.5, 2.75, 10.5], "texture": "#0"},
				"up": {"uv": [0.75, 9.5, 2.75, 10.5], "texture": "#0"},
				"down": {"uv": [0.75, 9.5, 2.75, 10.5], "texture": "#0"}
			}
		},
		{
			"from": [10, 4.28553, 10.04289],
			"to": [12, 10.28553, 12.04289],
			"rotation": {"angle": 45, "axis": "x", "origin": [8, 7.28553, 11.04289]},
			"faces": {
				"north": {"uv": [15, 0, 16, 3], "texture": "#0"},
				"east": {"uv": [15, 0, 16, 3], "texture": "#0"},
				"south": {"uv": [15, 0, 16, 3], "texture": "#0"},
				"west": {"uv": [15, 0, 16, 3], "texture": "#0"},
				"up": {"uv": [15, 2, 16, 3], "texture": "#0"},
				"down": {"uv": [15, 0, 16, 1], "texture": "#0"}
			}
		},
		{
			"from": [4, 4.28553, 10.04289],
			"to": [6, 10.28553, 12.04289],
			"rotation": {"angle": 45, "axis": "x", "origin": [8, 7.28553, 11.04289]},
			"faces": {
				"north": {"uv": [2, 13, 3, 16], "texture": "#0"},
				"east": {"uv": [3, 13, 4, 16], "texture": "#0"},
				"south": {"uv": [3, 13, 4, 16], "texture": "#0"},
				"west": {"uv": [1, 13, 2, 16], "texture": "#0"},
				"up": {"uv": [0, 13, 1, 14], "texture": "#0"},
				"down": {"uv": [0, 15, 1, 16], "texture": "#0"}
			}
		}
	],
	"display": {
		"thirdperson_righthand": {
			"translation": [0, 2.5, 0]
		},
		"thirdperson_lefthand": {
			"translation": [0, 2.5, 0]
		},
		"firstperson_righthand": {
			"translation": [0, 8.5, 0]
		},
		"firstperson_lefthand": {
			"translation": [0, 8.5, 0]
		},
		"ground": {
			"translation": [0, 4.5, 0]
		},
		"gui": {
			"rotation": [23, 145, 0],
			"translation": [0, 2.25, 0]
		},
		"head": {
			"translation": [0, 11.5, -4.25],
			"scale": [2.38, 2.38, 2.45]
		},
		"fixed": {
			"rotation": [-90, 0, 0],
			"translation": [0, 0, -19.75],
			"scale": [3, 3, 3]
		}
	},
	"groups": [
		{
			"name": "group",
			"origin": [8, 8, 8],
			"color": 0,
			"children": [
				0,
				1,
				2,
				3,
				4,
				{
					"name": "horn",
					"origin": [8, 8, 8],
					"color": 0,
					"children": [5, 6]
				}
			]
		}
	]
}