{
	"credit": "Made with Blockbench",
	"textures": {
		"0": "hattextures/hoot",
		"particle": "hattextures/hoot"
	},
	"elements": [
		{
			"from": [5, 0, 6],
			"to": [9, 13, 10],
			"faces": {
				"north": {"uv": [0, 0, 4, 13], "texture": "#0"},
				"east": {"uv": [0, 0, 4, 13], "texture": "#0"},
				"south": {"uv": [0, 0, 4, 13], "texture": "#0"},
				"west": {"uv": [0, 0, 4, 13], "texture": "#0"},
				"up": {"uv": [9, 0, 16, 7], "texture": "#0"},
				"down": {"uv": [10, 10, 14, 14], "texture": "#0"}
			}
		}
	],
	"display": {
		"thirdperson_righthand": {
			"rotation": [156, 0, -180],
			"translation": [-5.75, -0.75, -1.5],
			"scale": [0.5, 0.5, 0.5]
		},
		"thirdperson_lefthand": {
			"rotation": [156, 0, -180],
			"translation": [-5.75, -0.75, -1.5],
			"scale": [0.5, 0.5, 0.5]
		},
		"firstperson_righthand": {
			"rotation": [114.25, 0, -180],
			"translation": [-10, -3.75, 0]
		},
		"firstperson_lefthand": {
			"rotation": [114.25, 0, -180],
			"translation": [-8.25, -3.75, 0]
		},
		"ground": {
			"rotation": [90, 0, 0]
		},
		"gui": {
			"rotation": [54.78, 10.91, 33.69],
			"translation": [-0.75, 0, 0],
			"scale": [0.8, 0.8, 0.8]
		},
		"head": {
			"rotation": [108.25, 0, -180],
			"translation": [-0.75, 4.25, -10.75],
			"scale": [0.8, 0.8, 0.8]
		},
		"fixed": {
			"translation": [1, 0, -2.25]
		}
	},
	"groups": [
		{
			"name": "group",
			"origin": [8, 8, 8],
			"color": 0,
			"children": [0]
		}
	]
}