{
	"credit": "Made with Blockbench",
	"texture_size": [64, 64],
	"textures": {
		"0": "hattextures/shack",
		"particle": "hattextures/shack"
	},
	"elements": [
		{
			"from": [5, 1.9, 0],
			"to": [12, 7.9, 16],
			"faces": {
				"north": {"uv": [3.75, 8.25, 5.5, 9.75], "texture": "#0"},
				"east": {"uv": [0, 6.5, 4, 8], "texture": "#0"},
				"south": {"uv": [2, 2, 3.75, 3.5], "texture": "#0"},
				"west": {"uv": [3.75, 2.75, 7.75, 4.25], "texture": "#0"},
				"up": {"uv": [6, 0.25, 7.75, 4.25], "texture": "#0"},
				"down": {"uv": [6, 0.25, 7.75, 4.25], "texture": "#0"}
			}
		},
		{
			"from": [11.25, 6, -1.5],
			"to": [12.25, 7, 0.5],
			"faces": {
				"north": {"uv": [0, 0, 0.25, 0.25], "texture": "#0"},
				"east": {"uv": [0, 0, 0.5, 0.25], "texture": "#0"},
				"south": {"uv": [0, 0, 0.25, 0.25], "texture": "#0"},
				"west": {"uv": [0, 0, 0.5, 0.25], "texture": "#0"},
				"up": {"uv": [0, 0, 0.25, 0.5], "texture": "#0"},
				"down": {"uv": [0, 0, 0.25, 0.5], "texture": "#0"}
			}
		},
		{
			"from": [4.25, 6, -1.5],
			"to": [5.25, 7, 0.5],
			"faces": {
				"north": {"uv": [0, 0, 0.25, 0.25], "texture": "#0"},
				"east": {"uv": [0, 0, 0.5, 0.25], "texture": "#0"},
				"south": {"uv": [0, 0, 0.25, 0.25], "texture": "#0"},
				"west": {"uv": [0, 0, 0.5, 0.25], "texture": "#0"},
				"up": {"uv": [0, 0, 0.25, 0.5], "texture": "#0"},
				"down": {"uv": [0, 0, 0.25, 0.5], "texture": "#0"}
			}
		},
		{
			"from": [5.75, 10, -1.5],
			"to": [6.75, 11, 0.5],
			"faces": {
				"north": {"uv": [0, 0, 0.25, 0.25], "texture": "#0"},
				"east": {"uv": [0, 0, 0.5, 0.25], "texture": "#0"},
				"south": {"uv": [0, 0, 0.25, 0.25], "texture": "#0"},
				"west": {"uv": [0, 0, 0.5, 0.25], "texture": "#0"},
				"up": {"uv": [0, 0, 0.25, 0.5], "texture": "#0"},
				"down": {"uv": [0, 0, 0.25, 0.5], "texture": "#0"}
			}
		},
		{
			"from": [9.5, 10, -1.5],
			"to": [10.5, 11, 0.5],
			"faces": {
				"north": {"uv": [0, 0, 0.25, 0.25], "texture": "#0"},
				"east": {"uv": [0, 0, 0.5, 0.25], "texture": "#0"},
				"south": {"uv": [0, 0, 0.25, 0.25], "texture": "#0"},
				"west": {"uv": [0, 0, 0.5, 0.25], "texture": "#0"},
				"up": {"uv": [0, 0, 0.25, 0.5], "texture": "#0"},
				"down": {"uv": [0, 0, 0.25, 0.5], "texture": "#0"}
			}
		},
		{
			"from": [7.75, 15.25, -1.5],
			"to": [8.75, 16.25, 0.5],
			"faces": {
				"north": {"uv": [0, 0, 0.25, 0.25], "texture": "#0"},
				"east": {"uv": [0, 0, 0.5, 0.25], "texture": "#0"},
				"south": {"uv": [0, 0, 0.25, 0.25], "texture": "#0"},
				"west": {"uv": [0, 0, 0.5, 0.25], "texture": "#0"},
				"up": {"uv": [0, 0, 0.25, 0.5], "texture": "#0"},
				"down": {"uv": [0, 0, 0.25, 0.5], "texture": "#0"}
			}
		},
		{
			"from": [5.85, 7.7, 0],
			"to": [10.85, 12.7, 16],
			"faces": {
				"north": {"uv": [4.25, 7, 5.5, 8.25], "texture": "#0"},
				"east": {"uv": [0, 0, 4, 1.25], "texture": "#0"},
				"south": {"uv": [4, 0.25, 5.25, 1.5], "texture": "#0"},
				"west": {"uv": [0, 0, 4, 1.25], "texture": "#0"},
				"up": {"uv": [6.25, 0.25, 7.5, 4.25], "texture": "#0"},
				"down": {"uv": [6.25, 0.25, 7.5, 4.25], "texture": "#0"}
			}
		},
		{
			"from": [6.75, 12.65, 0],
			"to": [9.75, 14.65, 16],
			"faces": {
				"north": {"uv": [4.5, 6.5, 5.25, 7], "texture": "#0"},
				"east": {"uv": [0, 0, 4, 0.5], "texture": "#0"},
				"south": {"uv": [4.25, 0.75, 5, 1.25], "texture": "#0"},
				"west": {"uv": [0, 0, 4, 0.5], "texture": "#0"},
				"up": {"uv": [7, 0, 7.75, 4], "texture": "#0"},
				"down": {"uv": [7, 0, 7.75, 4], "texture": "#0"}
			}
		},
		{
			"from": [7.25, 14.65, 0],
			"to": [9.25, 15.65, 16],
			"faces": {
				"north": {"uv": [0, 0, 0.5, 0.25], "texture": "#0"},
				"east": {"uv": [0, 0, 4, 0.25], "texture": "#0"},
				"south": {"uv": [0, 0, 0.5, 0.25], "texture": "#0"},
				"west": {"uv": [0, 0, 4, 0.25], "texture": "#0"},
				"up": {"uv": [0, 0, 0.5, 4], "texture": "#0"},
				"down": {"uv": [0, 0, 0.5, 4], "texture": "#0"}
			}
		},
		{
			"from": [10.75, 7.8, 0],
			"to": [11.75, 9.8, 16],
			"faces": {
				"north": {"uv": [0, 0, 0.25, 0.5], "texture": "#0"},
				"east": {"uv": [0, 0, 4, 0.5], "texture": "#0"},
				"south": {"uv": [0, 0, 0.25, 0.5], "texture": "#0"},
				"west": {"uv": [0, 0, 4, 0.5], "texture": "#0"},
				"up": {"uv": [0, 0, 0.25, 4], "texture": "#0"},
				"down": {"uv": [0, 0, 0.25, 4], "texture": "#0"}
			}
		},
		{
			"from": [4.85, 7.8, 0],
			"to": [5.85, 9.8, 16],
			"faces": {
				"north": {"uv": [0, 0, 0.25, 0.5], "texture": "#0"},
				"east": {"uv": [0, 0, 4, 0.5], "texture": "#0"},
				"south": {"uv": [0, 0, 0.25, 0.5], "texture": "#0"},
				"west": {"uv": [0, 0, 4, 0.5], "texture": "#0"},
				"up": {"uv": [0, 0, 0.25, 4], "texture": "#0"},
				"down": {"uv": [0, 0, 0.25, 4], "texture": "#0"}
			}
		},
		{
			"from": [5, 1, 5],
			"to": [12, 2, 16],
			"faces": {
				"north": {"uv": [4.75, 14.25, 6.5, 14.5], "texture": "#0"},
				"east": {"uv": [4.75, 14.25, 7.5, 14.5], "texture": "#0"},
				"south": {"uv": [4.75, 14.25, 6.5, 14.5], "texture": "#0"},
				"west": {"uv": [4.75, 14.25, 7.5, 14.5], "texture": "#0"},
				"up": {"uv": [4.75, 11.75, 6.5, 14.5], "texture": "#0"},
				"down": {"uv": [4.75, 11.75, 6.5, 14.5], "texture": "#0"}
			}
		},
		{
			"from": [5, 2, -4],
			"to": [12, 2, 0],
			"faces": {
				"north": {"uv": [0, 0, 1.75, 0], "texture": "#0"},
				"east": {"uv": [0, 0, 1, 0], "texture": "#0"},
				"south": {"uv": [0, 0, 1.75, 0], "texture": "#0"},
				"west": {"uv": [0, 0, 1, 0], "texture": "#0"},
				"up": {"uv": [0, 0, 1.75, 1], "texture": "#0"},
				"down": {"uv": [0, 0, 1.75, 1], "texture": "#0"}
			}
		},
		{
			"from": [5, 1, -4],
			"to": [6, 2, -3],
			"faces": {
				"north": {"uv": [0, 0, 0.25, 0.25], "texture": "#0"},
				"east": {"uv": [0, 0, 0.25, 0.25], "texture": "#0"},
				"south": {"uv": [0, 0, 0.25, 0.25], "texture": "#0"},
				"west": {"uv": [0, 0, 0.25, 0.25], "texture": "#0"},
				"up": {"uv": [0, 0, 0.25, 0.25], "texture": "#0"},
				"down": {"uv": [0, 0, 0.25, 0.25], "texture": "#0"}
			}
		},
		{
			"from": [11, 1, -4],
			"to": [12, 2, -3],
			"faces": {
				"north": {"uv": [0, 0, 0.25, 0.25], "texture": "#0"},
				"east": {"uv": [0, 0, 0.25, 0.25], "texture": "#0"},
				"south": {"uv": [0, 0, 0.25, 0.25], "texture": "#0"},
				"west": {"uv": [0, 0, 0.25, 0.25], "texture": "#0"},
				"up": {"uv": [0, 0, 0.25, 0.25], "texture": "#0"},
				"down": {"uv": [0, 0, 0.25, 0.25], "texture": "#0"}
			}
		},
		{
			"from": [11, 1, -1],
			"to": [12, 2, 0],
			"faces": {
				"north": {"uv": [0, 0, 0.25, 0.25], "texture": "#0"},
				"east": {"uv": [0, 0, 0.25, 0.25], "texture": "#0"},
				"south": {"uv": [0, 0, 0.25, 0.25], "texture": "#0"},
				"west": {"uv": [0, 0, 0.25, 0.25], "texture": "#0"},
				"up": {"uv": [0, 0, 0.25, 0.25], "texture": "#0"},
				"down": {"uv": [0, 0, 0.25, 0.25], "texture": "#0"}
			}
		},
		{
			"from": [10.9, 1, 2],
			"to": [11.9, 2, 3],
			"faces": {
				"north": {"uv": [0, 0, 0.25, 0.25], "texture": "#0"},
				"east": {"uv": [0, 0, 0.25, 0.25], "texture": "#0"},
				"south": {"uv": [0, 0, 0.25, 0.25], "texture": "#0"},
				"west": {"uv": [0, 0, 0.25, 0.25], "texture": "#0"},
				"up": {"uv": [0, 0, 0.25, 0.25], "texture": "#0"},
				"down": {"uv": [0, 0, 0.25, 0.25], "texture": "#0"}
			}
		},
		{
			"from": [5.1, 1, 2],
			"to": [6.1, 2, 3],
			"faces": {
				"north": {"uv": [0, 0, 0.25, 0.25], "texture": "#0"},
				"east": {"uv": [0, 0, 0.25, 0.25], "texture": "#0"},
				"south": {"uv": [0, 0, 0.25, 0.25], "texture": "#0"},
				"west": {"uv": [0, 0, 0.25, 0.25], "texture": "#0"},
				"up": {"uv": [0, 0, 0.25, 0.25], "texture": "#0"},
				"down": {"uv": [0, 0, 0.25, 0.25], "texture": "#0"}
			}
		},
		{
			"from": [5, 1, -1],
			"to": [6, 2, 0],
			"faces": {
				"north": {"uv": [0, 0, 0.25, 0.25], "texture": "#0"},
				"east": {"uv": [0, 0, 0.25, 0.25], "texture": "#0"},
				"south": {"uv": [0, 0, 0.25, 0.25], "texture": "#0"},
				"west": {"uv": [0, 0, 0.25, 0.25], "texture": "#0"},
				"up": {"uv": [0, 0, 0.25, 0.25], "texture": "#0"},
				"down": {"uv": [0, 0, 0.25, 0.25], "texture": "#0"}
			}
		},
		{
			"from": [-1, 1, 10],
			"to": [5, 7, 16],
			"faces": {
				"north": {"uv": [1.5, 7.75, 0, 9.25], "texture": "#0"},
				"east": {"uv": [0, 7.75, 1.5, 9.25], "texture": "#0"},
				"south": {"uv": [0, 7.75, 1.5, 9.25], "texture": "#0"},
				"west": {"uv": [1.5, 7.75, 3, 9.25], "texture": "#0"},
				"up": {"uv": [0, 7.75, 1.5, 9.25], "texture": "#0"},
				"down": {"uv": [4.75, 13, 6.25, 14.5], "texture": "#0"}
			}
		},
		{
			"from": [3, 9, 14],
			"to": [4, 18, 15],
			"faces": {
				"north": {"uv": [12.25, 13.75, 12.5, 16], "texture": "#0"},
				"east": {"uv": [12.25, 13.75, 12.5, 16], "texture": "#0"},
				"south": {"uv": [12.25, 13.75, 12.5, 16], "texture": "#0"},
				"west": {"uv": [12.25, 13.75, 12.5, 16], "texture": "#0"},
				"up": {"uv": [12.25, 15.75, 12.5, 16], "texture": "#0"},
				"down": {"uv": [12.25, 15.75, 12.5, 16], "texture": "#0"}
			}
		},
		{
			"from": [-1, 12, 12.75],
			"to": [0, 16, 12.75],
			"faces": {
				"north": {"uv": [12.5, 14, 13.25, 16], "texture": "#0"},
				"east": {"uv": [0, 0, 0, 1], "texture": "#0"},
				"south": {"uv": [13.25, 14, 12.5, 16], "texture": "#0"},
				"west": {"uv": [0, 0, 0, 1], "texture": "#0"},
				"up": {"uv": [0, 0, 0.25, 0], "texture": "#0"},
				"down": {"uv": [0, 0, 0.25, 0], "texture": "#0"}
			}
		},
		{
			"from": [-1, 7, 11],
			"to": [5, 9, 15],
			"faces": {
				"north": {"uv": [0, 0, 1.5, 0.5], "texture": "#0"},
				"east": {"uv": [0, 0, 1, 0.5], "texture": "#0"},
				"south": {"uv": [0, 0, 1.5, 0.5], "texture": "#0"},
				"west": {"uv": [0, 0, 1, 0.5], "texture": "#0"},
				"up": {"uv": [0, 0, 1.5, 1], "texture": "#0"},
				"down": {"uv": [0, 0, 1.5, 1], "texture": "#0"}
			}
		},
		{
			"from": [-1, 9, 12],
			"to": [5, 11, 14],
			"faces": {
				"north": {"uv": [0, 0, 1.5, 0.5], "texture": "#0"},
				"east": {"uv": [0, 0, 0.5, 0.5], "texture": "#0"},
				"south": {"uv": [0, 0, 1.5, 0.5], "texture": "#0"},
				"west": {"uv": [0, 0, 0.5, 0.5], "texture": "#0"},
				"up": {"uv": [0, 0, 1.5, 0.5], "texture": "#0"},
				"down": {"uv": [0, 0, 1.5, 0.5], "texture": "#0"}
			}
		},
		{
			"from": [-4, 1, 10],
			"to": [-1, 2, 16],
			"faces": {
				"north": {"uv": [0, 12.25, 0.75, 12.5], "texture": "#0"},
				"east": {"uv": [0, 12.25, 1.5, 12.5], "texture": "#0"},
				"south": {"uv": [0, 12.25, 0.75, 12.5], "texture": "#0"},
				"west": {"uv": [0, 12.25, 1.5, 12.5], "texture": "#0"},
				"up": {"uv": [0, 11, 0.75, 12.5], "texture": "#0"},
				"down": {"uv": [0.75, 11, 0, 12.5], "texture": "#0"}
			}
		},
		{
			"from": [-1.55, 2, 11.15],
			"to": [-0.55, 4, 12.15],
			"faces": {
				"north": {"uv": [15.75, 13.25, 16, 13.75], "texture": "#0"},
				"east": {"uv": [15.75, 13.25, 16, 13.75], "texture": "#0"},
				"south": {"uv": [15.75, 13.25, 16, 13.75], "texture": "#0"},
				"west": {"uv": [15.5, 13.25, 15.75, 13.75], "texture": "#0"},
				"up": {"uv": [16, 13.5, 15.75, 13.25], "texture": "#0"},
				"down": {"uv": [16, 13.25, 15.75, 13.5], "texture": "#0"}
			}
		},
		{
			"from": [5, 5, -1],
			"to": [6, 19, 17],
			"rotation": {"angle": -22.5, "axis": "z", "origin": [4.5, 11, 8]},
			"faces": {
				"north": {"uv": [0, 12.5, 0.25, 16], "texture": "#0"},
				"east": {"uv": [0, 12.5, 4.5, 16], "texture": "#0"},
				"south": {"uv": [0, 12.5, 0.25, 16], "texture": "#0"},
				"west": {"uv": [0, 12.5, 4.75, 16], "texture": "#0"},
				"up": {"uv": [0, 12.5, 4.5, 12.75], "texture": "#0"},
				"down": {"uv": [0, 12.5, 0.25, 16], "texture": "#0"}
			}
		},
		{
			"from": [5.5, 13, 0.25],
			"to": [6.5, 16, 11.25],
			"rotation": {"angle": 0, "axis": "z", "origin": [4.5, 11, 8]},
			"faces": {
				"north": {"uv": [15.75, 15.25, 16, 16], "texture": "#0"},
				"east": {"uv": [13.25, 15.25, 16, 16], "texture": "#0"},
				"south": {"uv": [15.75, 15.25, 16, 16], "texture": "#0"},
				"west": {"uv": [13.25, 14.5, 16, 15.25], "texture": "#0"},
				"up": {"uv": [15.75, 15.25, 16, 16], "texture": "#0"},
				"down": {"uv": [15.75, 15.25, 16, 16], "texture": "#0"}
			}
		},
		{
			"from": [4.25, 9.75, 0.25],
			"to": [5.25, 12.75, 11.25],
			"rotation": {"angle": 0, "axis": "z", "origin": [4.5, 11, 8]},
			"faces": {
				"north": {"uv": [15.75, 15.25, 16, 16], "texture": "#0"},
				"east": {"uv": [13.25, 15.25, 16, 16], "texture": "#0"},
				"south": {"uv": [15.75, 15.25, 16, 16], "texture": "#0"},
				"west": {"uv": [13.25, 13.75, 16, 14.5], "texture": "#0"},
				"up": {"uv": [15.75, 15.25, 16, 16], "texture": "#0"},
				"down": {"uv": [15.75, 15.25, 16, 16], "texture": "#0"}
			}
		},
		{
			"from": [-2, 5.81057, 11.48449],
			"to": [6, 14.81057, 12.48449],
			"rotation": {"angle": 22.5, "axis": "x", "origin": [4.5, 11.31057, 8.48449]},
			"faces": {
				"north": {"uv": [2.75, 13.75, 4.75, 16], "texture": "#0"},
				"east": {"uv": [0, 13.75, 0.25, 16], "texture": "#0"},
				"south": {"uv": [2.75, 13.75, 4.75, 16], "texture": "#0"},
				"west": {"uv": [0, 13.75, 0.25, 16], "texture": "#0"},
				"up": {"uv": [0, 15.75, 2, 16], "texture": "#0"},
				"down": {"uv": [0, 15.75, 2, 16], "texture": "#0"}
			}
		},
		{
			"from": [-2, 3.1, 12.9],
			"to": [6, 11.1, 13.9],
			"rotation": {"angle": -22.5, "axis": "x", "origin": [4.5, 11.1, 8.9]},
			"faces": {
				"north": {"uv": [2.75, 13.75, 4.75, 16], "texture": "#0"},
				"east": {"uv": [0, 14, 0.25, 16], "texture": "#0"},
				"south": {"uv": [2.75, 13.75, 4.75, 16], "texture": "#0"},
				"west": {"uv": [0, 14, 0.25, 16], "texture": "#0"},
				"up": {"uv": [0, 15.75, 2, 16], "texture": "#0"},
				"down": {"uv": [0, 15.75, 2, 16], "texture": "#0"}
			}
		},
		{
			"from": [10, 2, -1],
			"to": [11, 16, 17],
			"rotation": {"angle": 22.5, "axis": "z", "origin": [4.5, 11, 8]},
			"faces": {
				"north": {"uv": [0, 12.5, 0.25, 16], "texture": "#0"},
				"east": {"uv": [0, 12.5, 4.75, 16], "texture": "#0"},
				"south": {"uv": [0, 12.5, 0.25, 16], "texture": "#0"},
				"west": {"uv": [0, 12.5, 4.75, 16], "texture": "#0"},
				"up": {"uv": [0, 12.5, 4.5, 12.75], "texture": "#0"},
				"down": {"uv": [0, 12.5, 0.25, 16], "texture": "#0"}
			}
		}
	],
	"display": {
		"thirdperson_righthand": {
			"translation": [0.25, 0, 0],
			"scale": [0.5, 0.5, 0.5]
		},
		"thirdperson_lefthand": {
			"rotation": [0, -180, 0],
			"translation": [0.25, 0, 0],
			"scale": [0.5, 0.5, 0.5]
		},
		"firstperson_righthand": {
			"translation": [3.5, 2.5, 0],
			"scale": [0.8, 0.8, 0.8]
		},
		"firstperson_lefthand": {
			"translation": [3.5, 2.5, 0],
			"scale": [0.8, 0.8, 0.8]
		},
		"ground": {
			"translation": [0, 7.25, 0]
		},
		"gui": {
			"rotation": [-163, 39.25, -180],
			"translation": [-0.5, 0, 0]
		},
		"head": {
			"translation": [-0.5, -17, 0],
			"scale": [4, 4, 4]
		},
		"fixed": {
			"rotation": [-90, 0, 0],
			"translation": [3, 1, -10.5],
			"scale": [1.4, 1.4, 1.4]
		}
	},
	"groups": [
		{
			"name": "group",
			"origin": [8, 8, 8],
			"color": 0,
			"children": [0, 1, 2, 3, 4, 5, 6, 7, 8, 9, 10, 11, 12, 13, 14, 15, 16, 17, 18, 19, 20, 21, 22, 23, 24, 25]
		},
		{
			"name": "group",
			"origin": [8, 8, 8],
			"color": 0,
			"children": [26, 27, 28, 29, 30, 31]
		}
	]
}