{
	"credit": "Made with Blockbench",
	"texture_size": [64, 64],
	"textures": {
		"0": "item/toh",
		"particle": "item/toh"
	},
	"elements": [
		{
			"from": [4, 0, 4],
			"to": [11, 15, 11],
			"faces": {
				"north": {"uv": [9.75, 8.25, 11.5, 12], "texture": "#0"},
				"east": {"uv": [9.25, 0, 11, 3.75], "texture": "#0"},
				"south": {"uv": [12.25, 5, 14, 1.25], "texture": "#0"},
				"west": {"uv": [9.25, 0, 11, 3.75], "texture": "#0"},
				"up": {"uv": [9.25, 0, 11, 1.75], "texture": "#0"},
				"down": {"uv": [9.25, 0, 11, 1.75], "texture": "#0"}
			}
		},
		{
			"from": [4.5, 15, 4],
			"to": [10.5, 16, 11],
			"faces": {
				"north": {"uv": [9.25, 0, 10.75, 0.25], "texture": "#0"},
				"east": {"uv": [9.25, 0, 11, 0.25], "texture": "#0"},
				"south": {"uv": [9.25, 0, 10.75, 0.25], "texture": "#0"},
				"west": {"uv": [9.25, 0, 11, 0.25], "texture": "#0"},
				"up": {"uv": [9.25, 0, 10.75, 1.75], "texture": "#0"},
				"down": {"uv": [9.25, 0, 10.75, 1.75], "texture": "#0"}
			}
		},
		{
			"from": [5.1, 16, 4],
			"to": [10.1, 17, 11],
			"faces": {
				"north": {"uv": [9.25, 0, 10.5, 0.25], "texture": "#0"},
				"east": {"uv": [9.25, 0, 11, 0.25], "texture": "#0"},
				"south": {"uv": [9.25, 0, 10.5, 0.25], "texture": "#0"},
				"west": {"uv": [9.25, 0, 11, 0.25], "texture": "#0"},
				"up": {"uv": [9.25, 0, 10.5, 1.75], "texture": "#0"},
				"down": {"uv": [9.25, 0, 10.5, 1.75], "texture": "#0"}
			}
		},
		{
			"from": [5.65, 17, 4],
			"to": [9.65, 18, 11],
			"faces": {
				"north": {"uv": [9.25, 0, 10.25, 0.5], "texture": "#0"},
				"east": {"uv": [9.25, 0, 11, 0.5], "texture": "#0"},
				"south": {"uv": [9.25, 0, 10.25, 0.5], "texture": "#0"},
				"west": {"uv": [9.25, 0, 11, 0.5], "texture": "#0"},
				"up": {"uv": [9.25, 0, 10.25, 1.75], "texture": "#0"},
				"down": {"uv": [9.25, 0, 10.25, 1.75], "texture": "#0"}
			}
		},
		{
			"from": [6.5, 5, 0],
			"to": [8.5, 6, 4],
			"faces": {
				"north": {"uv": [0, 13.25, 0.5, 13.5], "texture": "#0"},
				"east": {"uv": [0, 13.25, 1, 13.5], "texture": "#0"},
				"south": {"uv": [0, 13.25, 0.5, 13.5], "texture": "#0"},
				"west": {"uv": [0, 13.25, 1, 13.5], "texture": "#0"},
				"up": {"uv": [0, 13.25, 0.5, 14.25], "texture": "#0"},
				"down": {"uv": [0, 13.25, 0.5, 14.25], "texture": "#0"}
			}
		},
		{
			"from": [8.75, 0, 0.75],
			"to": [9.75, 5, 1.75],
			"faces": {
				"north": {"uv": [2.25, 14.75, 2.5, 16], "texture": "#0"},
				"east": {"uv": [2.25, 14.75, 2.5, 16], "texture": "#0"},
				"south": {"uv": [2.25, 14.75, 2.5, 16], "texture": "#0"},
				"west": {"uv": [2.25, 14.75, 2.5, 16], "texture": "#0"},
				"up": {"uv": [2.25, 14.75, 2.5, 15], "texture": "#0"},
				"down": {"uv": [2.25, 14.75, 2.5, 15], "texture": "#0"}
			}
		},
		{
			"from": [5.25, 0, 0.75],
			"to": [6.25, 5, 1.75],
			"faces": {
				"north": {"uv": [2.25, 14.75, 2.5, 16], "texture": "#0"},
				"east": {"uv": [2.25, 14.75, 2.5, 16], "texture": "#0"},
				"south": {"uv": [2.25, 14.75, 2.5, 16], "texture": "#0"},
				"west": {"uv": [2.25, 14.75, 2.5, 16], "texture": "#0"},
				"up": {"uv": [2.25, 14.75, 2.5, 15], "texture": "#0"},
				"down": {"uv": [2.25, 14.75, 2.5, 15], "texture": "#0"}
			}
		},
		{
			"from": [8.34672, 5.2294, 0],
			"to": [10.34672, 6.2294, 4],
			"rotation": {"angle": -22.5, "axis": "z", "origin": [7.84672, 5.7294, 2]},
			"faces": {
				"north": {"uv": [0, 13.25, 0.5, 13.5], "texture": "#0"},
				"east": {"uv": [0, 13.25, 1, 13.5], "texture": "#0"},
				"south": {"uv": [0, 13.25, 0.5, 13.5], "texture": "#0"},
				"west": {"uv": [0, 13.25, 1, 13.5], "texture": "#0"},
				"up": {"uv": [0, 13.25, 0.5, 14.25], "texture": "#0"},
				"down": {"uv": [0, 13.25, 0.5, 14.25], "texture": "#0"}
			}
		},
		{
			"from": [4.80552, 4.46404, 0],
			"to": [6.80552, 5.46404, 4],
			"rotation": {"angle": 22.5, "axis": "z", "origin": [5.30552, 4.96404, 2]},
			"faces": {
				"north": {"uv": [0, 13.25, 0.5, 13.5], "texture": "#0"},
				"east": {"uv": [0, 13.25, 1, 13.5], "texture": "#0"},
				"south": {"uv": [0, 13.25, 0.5, 13.5], "texture": "#0"},
				"west": {"uv": [0, 13.25, 1, 13.5], "texture": "#0"},
				"up": {"uv": [0, 13.25, 0.5, 14.25], "texture": "#0"},
				"down": {"uv": [0, 13.25, 0.5, 14.25], "texture": "#0"}
			}
		},
		{
			"from": [11, 0, 4],
			"to": [15, 4, 11],
			"faces": {
				"north": {"uv": [10.25, 3, 11.25, 4], "texture": "#0"},
				"east": {"uv": [9.5, 3, 11.25, 4], "texture": "#0"},
				"south": {"uv": [10.25, 3, 11.25, 4], "texture": "#0"},
				"west": {"uv": [9.5, 3, 11.25, 4], "texture": "#0"},
				"up": {"uv": [10.25, 3, 11.25, 4.75], "texture": "#0"},
				"down": {"uv": [11.25, 3, 12.25, 4.75], "texture": "#0"}
			}
		},
		{
			"from": [15, 0, 4.5],
			"to": [17, 4, 10.5],
			"faces": {
				"north": {"uv": [14, 15, 14.5, 16], "texture": "#0"},
				"east": {"uv": [11, 15, 12.5, 16], "texture": "#0"},
				"south": {"uv": [14.5, 15, 15, 16], "texture": "#0"},
				"west": {"uv": [12.5, 15, 14, 16], "texture": "#0"},
				"up": {"uv": [15, 14.5, 15.5, 16], "texture": "#0"},
				"down": {"uv": [15.5, 14.5, 16, 16], "texture": "#0"}
			}
		},
		{
			"from": [15, 4, 4],
			"to": [17, 5, 11],
			"faces": {
				"north": {"uv": [2.5, 14.25, 3, 14.5], "texture": "#0"},
				"east": {"uv": [2.5, 14.25, 4.25, 14.5], "texture": "#0"},
				"south": {"uv": [2.5, 14.25, 3, 14.5], "texture": "#0"},
				"west": {"uv": [2.5, 14.25, 4.25, 14.5], "texture": "#0"},
				"up": {"uv": [2.5, 14.25, 3, 16], "texture": "#0"},
				"down": {"uv": [2.5, 14.25, 3, 16], "texture": "#0"}
			}
		},
		{
			"from": [11, 4, 4],
			"to": [15, 5, 11],
			"faces": {
				"north": {"uv": [10.25, 3.5, 11.25, 3.75], "texture": "#0"},
				"east": {"uv": [9.75, 3.5, 11.5, 3.75], "texture": "#0"},
				"south": {"uv": [10, 3.5, 11, 3.75], "texture": "#0"},
				"west": {"uv": [9.75, 3.5, 11.5, 3.75], "texture": "#0"},
				"up": {"uv": [10.25, 2, 11.25, 3.75], "texture": "#0"},
				"down": {"uv": [10.25, 2, 11.25, 3.75], "texture": "#0"}
			}
		},
		{
			"from": [11, 5, 4],
			"to": [16, 6, 11],
			"faces": {
				"north": {"uv": [9.75, 3.25, 11, 3.5], "texture": "#0"},
				"east": {"uv": [9.75, 3.25, 11.5, 3.5], "texture": "#0"},
				"south": {"uv": [9.75, 3.25, 11, 3.5], "texture": "#0"},
				"west": {"uv": [9.75, 3.25, 11.5, 3.5], "texture": "#0"},
				"up": {"uv": [9.75, 2.5, 11, 4.25], "texture": "#0"},
				"down": {"uv": [9.75, 2.5, 11, 4.25], "texture": "#0"}
			}
		},
		{
			"from": [11, 6, 4],
			"to": [15, 7, 11],
			"faces": {
				"north": {"uv": [10, 3, 11, 3.25], "texture": "#0"},
				"east": {"uv": [10, 3, 11.75, 3.25], "texture": "#0"},
				"south": {"uv": [10, 3, 11, 3.25], "texture": "#0"},
				"west": {"uv": [10, 3, 11.75, 3.25], "texture": "#0"},
				"up": {"uv": [10, 3, 11, 4.75], "texture": "#0"},
				"down": {"uv": [10, 3, 11, 4.75], "texture": "#0"}
			}
		},
		{
			"from": [11, 7, 4],
			"to": [14, 8, 11],
			"faces": {
				"north": {"uv": [10, 2, 10.75, 2.25], "texture": "#0"},
				"east": {"uv": [10, 2, 11.75, 2.25], "texture": "#0"},
				"south": {"uv": [10, 2, 10.75, 2.25], "texture": "#0"},
				"west": {"uv": [10, 2, 11.75, 2.25], "texture": "#0"},
				"up": {"uv": [10, 2, 10.75, 3.75], "texture": "#0"},
				"down": {"uv": [10, 2, 10.75, 3.75], "texture": "#0"}
			}
		},
		{
			"from": [11, 8, 4],
			"to": [13, 11, 11],
			"faces": {
				"north": {"uv": [10, 2, 10.5, 2.75], "texture": "#0"},
				"east": {"uv": [10, 2, 11.75, 2.75], "texture": "#0"},
				"south": {"uv": [10, 2, 10.5, 2.75], "texture": "#0"},
				"west": {"uv": [10, 2, 11.75, 2.75], "texture": "#0"},
				"up": {"uv": [10, 2, 10.5, 3.75], "texture": "#0"},
				"down": {"uv": [10, 2, 10.5, 3.75], "texture": "#0"}
			}
		},
		{
			"from": [11, 11, 4],
			"to": [12, 13, 11],
			"faces": {
				"north": {"uv": [10.5, 1.25, 10.75, 1.75], "texture": "#0"},
				"east": {"uv": [10.5, 1.25, 12.25, 1.75], "texture": "#0"},
				"south": {"uv": [10.5, 1.25, 10.75, 1.75], "texture": "#0"},
				"west": {"uv": [10.5, 1.25, 12.25, 1.75], "texture": "#0"},
				"up": {"uv": [10.5, 1.25, 10.75, 3], "texture": "#0"},
				"down": {"uv": [10.5, 1.25, 10.75, 3], "texture": "#0"}
			}
		},
		{
			"from": [12, 6, 6.7],
			"to": [16, 10, 10.7],
			"rotation": {"angle": -22.5, "axis": "z", "origin": [15.5, 8, 9.2]},
			"faces": {
				"north": {"uv": [1, 6.25, 2, 7.25], "texture": "#0"},
				"east": {"uv": [1, 6.25, 2, 7.25], "texture": "#0"},
				"south": {"uv": [1, 6.25, 2, 7.25], "texture": "#0"},
				"west": {"uv": [1, 6.25, 2, 7.25], "texture": "#0"},
				"up": {"uv": [1, 6.25, 2, 7.25], "texture": "#0"},
				"down": {"uv": [1, 6.25, 2, 7.25], "texture": "#0"}
			}
		},
		{
			"from": [13.76014, 4.8488, 5.7],
			"to": [15.76014, 17.8488, 7.7],
			"rotation": {"angle": 0, "axis": "z", "origin": [16.76014, 12.3488, 5.7]},
			"faces": {
				"north": {"uv": [1.5, 0, 2, 3.25], "texture": "#0"},
				"east": {"uv": [1.5, 0, 2, 3.25], "texture": "#0"},
				"south": {"uv": [1.5, 0, 2, 3.25], "texture": "#0"},
				"west": {"uv": [1.5, 0, 2, 3.25], "texture": "#0"},
				"up": {"uv": [10.25, 11.5, 10.75, 12], "texture": "#0"},
				"down": {"uv": [0.75, 0.5, 1.25, 1], "texture": "#0"}
			}
		},
		{
			"from": [13.26014, 16.9488, 5.2],
			"to": [16.26014, 17.9488, 8.2],
			"rotation": {"angle": 0, "axis": "z", "origin": [16.76014, 12.3488, 5.7]},
			"faces": {
				"north": {"uv": [0.75, 13.25, 1.5, 13.5], "texture": "#0"},
				"east": {"uv": [0.75, 13.25, 1.5, 13.5], "texture": "#0"},
				"south": {"uv": [0.75, 13.25, 1.5, 13.5], "texture": "#0"},
				"west": {"uv": [0.75, 13.25, 1.5, 13.5], "texture": "#0"},
				"up": {"uv": [2, 6.75, 2.75, 7.5], "texture": "#0"},
				"down": {"uv": [0, 13.75, 0.75, 14.5], "texture": "#0"}
			}
		},
		{
			"from": [1, 0, 4],
			"to": [4, 6, 11],
			"faces": {
				"north": {"uv": [12.25, 0, 13, 1.5], "texture": "#0"},
				"east": {"uv": [12.25, 0, 14, 1.5], "texture": "#0"},
				"south": {"uv": [12.25, 0, 13, 1.5], "texture": "#0"},
				"west": {"uv": [12.25, 0, 14, 1.5], "texture": "#0"},
				"up": {"uv": [12.25, 0, 13, 1.75], "texture": "#0"},
				"down": {"uv": [12.25, 1.5, 13, 3.25], "texture": "#0"}
			}
		},
		{
			"from": [2, 6, 4],
			"to": [4, 9, 11],
			"faces": {
				"north": {"uv": [12.25, 0.25, 12.75, 1], "texture": "#0"},
				"east": {"uv": [12.25, 0.25, 14, 1], "texture": "#0"},
				"south": {"uv": [12.25, 0.25, 12.75, 1], "texture": "#0"},
				"west": {"uv": [12.25, 0.25, 14, 1], "texture": "#0"},
				"up": {"uv": [12.25, 0.25, 12.75, 2], "texture": "#0"},
				"down": {"uv": [12.25, 0.25, 12.75, 2], "texture": "#0"}
			}
		},
		{
			"from": [3, 9, 4],
			"to": [4, 11, 11],
			"faces": {
				"north": {"uv": [12.25, 0.5, 12.5, 1], "texture": "#0"},
				"east": {"uv": [12.25, 0.5, 14, 1], "texture": "#0"},
				"south": {"uv": [12.25, 1.75, 12.75, 2.25], "texture": "#0"},
				"west": {"uv": [12.25, 0.5, 14, 1], "texture": "#0"},
				"up": {"uv": [12.25, 0.5, 12.5, 2.25], "texture": "#0"},
				"down": {"uv": [12.25, 0.5, 12.5, 2.25], "texture": "#0"}
			}
		},
		{
			"from": [0, 0, 5],
			"to": [5, 8, 10],
			"rotation": {"angle": 22.5, "axis": "z", "origin": [0.5, 3, 7.5]},
			"faces": {
				"north": {"uv": [1, 6, 2.25, 8], "texture": "#0"},
				"east": {"uv": [1, 6, 2.25, 8], "texture": "#0"},
				"south": {"uv": [1, 6, 2.25, 8], "texture": "#0"},
				"west": {"uv": [1, 6, 2.25, 8], "texture": "#0"},
				"up": {"uv": [1, 6, 2.25, 7.25], "texture": "#0"},
				"down": {"uv": [1, 6, 2.25, 7.25], "texture": "#0"}
			}
		},
		{
			"from": [0.08135, 6.38164, 3],
			"to": [1.08135, 12.38164, 12],
			"rotation": {"angle": -22.5, "axis": "z", "origin": [-0.41865, 3.88164, 8.5]},
			"faces": {
				"north": {"uv": [0, 13, 0.25, 14.5], "texture": "#0"},
				"east": {"uv": [0, 13, 2.25, 14.5], "texture": "#0"},
				"south": {"uv": [0, 13, 0.25, 14.5], "texture": "#0"},
				"west": {"uv": [0, 13, 2.25, 14.5], "texture": "#0"},
				"up": {"uv": [0, 13, 0.25, 15.25], "texture": "#0"},
				"down": {"uv": [0, 13, 0.25, 15.25], "texture": "#0"}
			}
		},
		{
			"from": [-1.43113, 14.06869, 3],
			"to": [2.56887, 15.06869, 12],
			"rotation": {"angle": 22.5, "axis": "z", "origin": [4.06887, 15.56869, 7.5]},
			"faces": {
				"north": {"uv": [0, 13, 0.25, 14], "rotation": 270, "texture": "#0"},
				"east": {"uv": [0, 13, 0.25, 15.25], "rotation": 90, "texture": "#0"},
				"south": {"uv": [0, 13, 0.25, 14], "rotation": 90, "texture": "#0"},
				"west": {"uv": [0, 13, 0.25, 15.25], "rotation": 90, "texture": "#0"},
				"up": {"uv": [0, 13, 2.25, 14], "rotation": 90, "texture": "#0"},
				"down": {"uv": [0, 13, 2.25, 14], "rotation": 90, "texture": "#0"}
			}
		},
		{
			"from": [1.87839, 15.93728, 3],
			"to": [4.87839, 16.93728, 12],
			"rotation": {"angle": 45, "axis": "z", "origin": [5.37839, 16.43728, 7.5]},
			"faces": {
				"north": {"uv": [0, 13, 0.25, 13.75], "rotation": 270, "texture": "#0"},
				"east": {"uv": [0, 13, 0.25, 15.25], "rotation": 90, "texture": "#0"},
				"south": {"uv": [0, 13, 0.25, 13.75], "rotation": 90, "texture": "#0"},
				"west": {"uv": [0, 13, 0.25, 15.25], "rotation": 90, "texture": "#0"},
				"up": {"uv": [0, 13, 2.25, 13.75], "rotation": 90, "texture": "#0"},
				"down": {"uv": [0, 13, 2.25, 13.75], "rotation": 90, "texture": "#0"}
			}
		},
		{
			"from": [4.99048, 15.80733, 3],
			"to": [5.99048, 18.80733, 12],
			"rotation": {"angle": -22.5, "axis": "z", "origin": [5.49048, 17.30733, 7.5]},
			"faces": {
				"north": {"uv": [0, 13, 0.25, 13.75], "texture": "#0"},
				"east": {"uv": [0, 13, 2.25, 13.75], "texture": "#0"},
				"south": {"uv": [0, 13, 0.25, 13.75], "texture": "#0"},
				"west": {"uv": [0, 13, 2.25, 13.75], "texture": "#0"},
				"up": {"uv": [0, 13, 0.25, 15.25], "texture": "#0"},
				"down": {"uv": [0, 13, 0.25, 15.25], "texture": "#0"}
			}
		},
		{
			"from": [5.60256, 18.13449, 3],
			"to": [9.60256, 19.13449, 12],
			"rotation": {"angle": 0, "axis": "z", "origin": [7.10256, 16.38449, 7.5]},
			"faces": {
				"north": {"uv": [0, 13, 0.25, 14], "rotation": 270, "texture": "#0"},
				"east": {"uv": [0, 13, 0.25, 15.25], "rotation": 90, "texture": "#0"},
				"south": {"uv": [0, 13, 0.25, 14], "rotation": 90, "texture": "#0"},
				"west": {"uv": [0, 13, 0.25, 15.25], "rotation": 90, "texture": "#0"},
				"up": {"uv": [0, 13, 2.25, 14], "rotation": 90, "texture": "#0"},
				"down": {"uv": [0, 13, 2.25, 14], "rotation": 90, "texture": "#0"}
			}
		},
		{
			"from": [6.10256, 18.63449, 3.5],
			"to": [9.10256, 19.63449, 11.5],
			"rotation": {"angle": 0, "axis": "z", "origin": [7.10256, 16.38449, 7.5]},
			"faces": {
				"north": {"uv": [0, 13, 0.25, 13.75], "rotation": 270, "texture": "#0"},
				"east": {"uv": [0, 13, 0.25, 15], "rotation": 90, "texture": "#0"},
				"south": {"uv": [0, 13, 0.25, 13.75], "rotation": 90, "texture": "#0"},
				"west": {"uv": [0, 13, 0.25, 15], "rotation": 90, "texture": "#0"},
				"up": {"uv": [0, 13, 2, 13.75], "rotation": 90, "texture": "#0"},
				"down": {"uv": [0, 13, 2, 13.75], "rotation": 90, "texture": "#0"}
			}
		},
		{
			"from": [11.51075, 7.26405, 3],
			"to": [12.51075, 19.26405, 12],
			"rotation": {"angle": 22.5, "axis": "z", "origin": [12.01075, 11.76405, 7.5]},
			"faces": {
				"north": {"uv": [0, 13, 0.25, 16], "texture": "#0"},
				"east": {"uv": [0, 13, 2.25, 16], "texture": "#0"},
				"south": {"uv": [0, 13, 0.25, 16], "texture": "#0"},
				"west": {"uv": [0, 13, 2.25, 16], "texture": "#0"},
				"up": {"uv": [0, 13, 0.25, 15.25], "texture": "#0"},
				"down": {"uv": [0, 13.75, 0.25, 16], "texture": "#0"}
			}
		},
		{
			"from": [17.36708, 3.52617, 3],
			"to": [18.36708, 9.52617, 12],
			"rotation": {"angle": 45, "axis": "z", "origin": [17.86708, 3.52617, 7.5]},
			"faces": {
				"north": {"uv": [0, 13.25, 0.25, 14.75], "texture": "#0"},
				"east": {"uv": [0, 13.25, 2.25, 14.75], "texture": "#0"},
				"south": {"uv": [0, 13.25, 0.25, 14.75], "texture": "#0"},
				"west": {"uv": [0, 13.25, 2.25, 14.75], "texture": "#0"},
				"up": {"uv": [0, 13.25, 0.25, 15.5], "texture": "#0"},
				"down": {"uv": [0, 13.25, 0.25, 15.5], "texture": "#0"}
			}
		}
	],
	"display": {
		"thirdperson_righthand": {
			"rotation": [0, -89, 0],
			"translation": [0, -1, 0],
			"scale": [0.5, 0.5, 0.5]
		},
		"thirdperson_lefthand": {
			"rotation": [0, -89, 0],
			"translation": [0, -1, 0],
			"scale": [0.5, 0.5, 0.5]
		},
		"firstperson_righthand": {
			"translation": [3, 1, 2.75]
		},
		"firstperson_lefthand": {
			"translation": [3, 1, 2.75]
		},
		"ground": {
			"translation": [0, 6, 0]
		},
		"gui": {
			"rotation": [-165.5, 30.75, -180],
			"translation": [0, -0.5, 0],
			"scale": [0.8, 0.8, 0.8]
		},
		"head": {
			"translation": [0, -13, 0],
			"scale": [4, 4, 4]
		},
		"fixed": {
			"rotation": [-90, 0, 0],
			"translation": [0, 0, -12],
			"scale": [1.4, 1.4, 1.4]
		}
	},
	"groups": [
		{
			"name": "group",
			"origin": [8, 8, 8],
			"color": 0,
			"children": [0, 1, 2, 3, 4, 5, 6, 7, 8, 9, 10, 11, 12, 13, 14, 15, 16, 17, 18, 19, 20, 21, 22, 23, 24, 25, 26, 27, 28, 29, 30, 31, 32]
		}
	]
}