{
	"credit": "Made with Blockbench",
	"texture_size": [128, 128],
	"textures": {
		"0": "block/infinitytraindoor",
		"particle": "block/infinitytraindoor"
	},
	"elements": [
		{
			"from": [0, 0, 7],
			"to": [8, 32, 9],
			"faces": {
				"north": {"uv": [0, 0, 1, 4], "texture": "#0"},
				"east": {"uv": [0, 4.125, 0.25, 8.125], "texture": "#0"},
				"south": {"uv": [1.125, 0, 2.125, 4], "texture": "#0"},
				"west": {"uv": [0.375, 4.125, 0.625, 8.125], "texture": "#0"},
				"up": {"uv": [4.5, 4.375, 3.5, 4.125], "texture": "#0"},
				"down": {"uv": [5.5, 0, 4.5, 0.25], "texture": "#0"}
			}
		},
		{
			"from": [8, 0, 7],
			"to": [16, 32, 9],
			"faces": {
				"north": {"uv": [2.25, 0, 3.25, 4], "texture": "#0"},
				"east": {"uv": [0.75, 4.125, 1, 8.125], "texture": "#0"},
				"south": {"uv": [3.375, 0, 4.375, 4], "texture": "#0"},
				"west": {"uv": [1.125, 4.125, 1.375, 8.125], "texture": "#0"},
				"up": {"uv": [5.5, 0.625, 4.5, 0.375], "texture": "#0"},
				"down": {"uv": [5.5, 0.75, 4.5, 1], "texture": "#0"}
			}
		},
		{
			"from": [7.4, 6.4, 6.4],
			"to": [8.6, 25.6, 7.6],
			"rotation": {"angle": 0, "axis": "z", "origin": [8, 18.5, 7]},
			"faces": {
				"north": {"uv": [1.5, 4.125, 1.625, 6.5], "texture": "#0"},
				"east": {"uv": [1.75, 4.125, 1.875, 6.5], "texture": "#0"},
				"south": {"uv": [2, 4.125, 2.125, 6.5], "texture": "#0"},
				"west": {"uv": [2.25, 4.125, 2.375, 6.5], "texture": "#0"},
				"up": {"uv": [6.125, 4.875, 6, 4.75], "texture": "#0"},
				"down": {"uv": [6.125, 5, 6, 5.125], "texture": "#0"}
			}
		},
		{
			"from": [7.27224, 21.98764, 6.4],
			"to": [9.47224, 23.18764, 7.6],
			"rotation": {"angle": 22.5, "axis": "z", "origin": [2.37224, 19.58764, 7]},
			"faces": {
				"north": {"uv": [4.5, 1.125, 4.75, 1.25], "texture": "#0"},
				"east": {"uv": [6, 5.25, 6.125, 5.375], "texture": "#0"},
				"south": {"uv": [4.5, 1.375, 4.75, 1.5], "texture": "#0"},
				"west": {"uv": [6, 5.5, 6.125, 5.625], "texture": "#0"},
				"up": {"uv": [4.75, 1.75, 4.5, 1.625], "texture": "#0"},
				"down": {"uv": [4.75, 1.875, 4.5, 2], "texture": "#0"}
			}
		},
		{
			"from": [1.19282, 20.41387, 6.4],
			"to": [2.39282, 22.61387, 7.6],
			"rotation": {"angle": -22.5, "axis": "z", "origin": [4.79282, 15.51387, 7]},
			"faces": {
				"north": {"uv": [4.5, 2.125, 4.625, 2.375], "texture": "#0"},
				"east": {"uv": [4.5, 2.5, 4.625, 2.75], "texture": "#0"},
				"south": {"uv": [4.5, 2.875, 4.625, 3.125], "texture": "#0"},
				"west": {"uv": [4.5, 3.25, 4.625, 3.5], "texture": "#0"},
				"up": {"uv": [6.25, 1.125, 6.125, 1], "texture": "#0"},
				"down": {"uv": [6.25, 1.25, 6.125, 1.375], "texture": "#0"}
			}
		},
		{
			"from": [3.37266, 19.37266, 6.4],
			"to": [4.57266, 21.57266, 7.6],
			"rotation": {"angle": 0, "axis": "z", "origin": [6.97266, 14.47266, 7]},
			"faces": {
				"north": {"uv": [3.5, 4.5, 3.625, 4.75], "texture": "#0"},
				"east": {"uv": [4.5, 3.625, 4.625, 3.875], "texture": "#0"},
				"south": {"uv": [3.75, 4.5, 3.875, 4.75], "texture": "#0"},
				"west": {"uv": [4, 4.5, 4.125, 4.75], "texture": "#0"},
				"up": {"uv": [6.25, 1.625, 6.125, 1.5], "texture": "#0"},
				"down": {"uv": [6.25, 1.75, 6.125, 1.875], "texture": "#0"}
			}
		},
		{
			"from": [8.06265, 20.05003, 6.4],
			"to": [9.26265, 22.25003, 7.6],
			"rotation": {"angle": 45, "axis": "z", "origin": [11.66265, 15.15003, 7]},
			"faces": {
				"north": {"uv": [4.25, 4.5, 4.375, 4.75], "texture": "#0"},
				"east": {"uv": [4.5, 4.5, 4.625, 4.75], "texture": "#0"},
				"south": {"uv": [4.625, 4, 4.75, 4.25], "texture": "#0"},
				"west": {"uv": [4.75, 2.125, 4.875, 2.375], "texture": "#0"},
				"up": {"uv": [6.25, 2.125, 6.125, 2], "texture": "#0"},
				"down": {"uv": [6.25, 2.5, 6.125, 2.625], "texture": "#0"}
			}
		},
		{
			"from": [6.35879, 13.16548, 6.4],
			"to": [8.55879, 14.36548, 7.6],
			"rotation": {"angle": -22.5, "axis": "z", "origin": [13.45879, 16.76548, 7]},
			"faces": {
				"north": {"uv": [4.75, 2.5, 5, 2.625], "texture": "#0"},
				"east": {"uv": [6.125, 2.75, 6.25, 2.875], "texture": "#0"},
				"south": {"uv": [4.75, 2.75, 5, 2.875], "texture": "#0"},
				"west": {"uv": [6.125, 3.5, 6.25, 3.625], "texture": "#0"},
				"up": {"uv": [5, 3.125, 4.75, 3], "texture": "#0"},
				"down": {"uv": [5, 3.25, 4.75, 3.375], "texture": "#0"}
			}
		},
		{
			"from": [5.78502, 19.2449, 6.4],
			"to": [6.98502, 21.4449, 7.6],
			"rotation": {"angle": 22.5, "axis": "z", "origin": [9.38502, 14.3449, 7]},
			"faces": {
				"north": {"uv": [4.75, 3.5, 4.875, 3.75], "texture": "#0"},
				"east": {"uv": [4.75, 4.375, 4.875, 4.625], "texture": "#0"},
				"south": {"uv": [4.75, 4.75, 4.875, 5], "texture": "#0"},
				"west": {"uv": [4.875, 1.125, 5, 1.375], "texture": "#0"},
				"up": {"uv": [6.25, 3.875, 6.125, 3.75], "texture": "#0"},
				"down": {"uv": [6.25, 4, 6.125, 4.125], "texture": "#0"}
			}
		},
		{
			"from": [8.07737, 19.71001, 6.4],
			"to": [10.27737, 20.91001, 7.6],
			"rotation": {"angle": 45, "axis": "z", "origin": [3.17737, 17.31001, 7]},
			"faces": {
				"north": {"uv": [4.875, 1.5, 5.125, 1.625], "texture": "#0"},
				"east": {"uv": [6.125, 4.25, 6.25, 4.375], "texture": "#0"},
				"south": {"uv": [4.875, 1.75, 5.125, 1.875], "texture": "#0"},
				"west": {"uv": [6.125, 4.5, 6.25, 4.625], "texture": "#0"},
				"up": {"uv": [3.75, 5, 3.5, 4.875], "texture": "#0"},
				"down": {"uv": [4.125, 4.875, 3.875, 5], "texture": "#0"}
			}
		},
		{
			"from": [7.44121, 4.16548, 6.4],
			"to": [9.64121, 5.36548, 7.6],
			"rotation": {"angle": 22.5, "axis": "z", "origin": [2.54121, 7.76548, 7]},
			"faces": {
				"north": {"uv": [4.875, 3.875, 5.125, 4], "texture": "#0"},
				"east": {"uv": [5.75, 6.125, 5.875, 6.25], "texture": "#0"},
				"south": {"uv": [4.875, 4.125, 5.125, 4.25], "texture": "#0"},
				"west": {"uv": [6.125, 5.75, 6.25, 5.875], "texture": "#0"},
				"up": {"uv": [4.5, 5, 4.25, 4.875], "texture": "#0"},
				"down": {"uv": [5.25, 2, 5, 2.125], "texture": "#0"}
			}
		},
		{
			"from": [6.73735, 11.05003, 6.4],
			"to": [7.93735, 13.25003, 7.6],
			"rotation": {"angle": -45, "axis": "z", "origin": [4.33735, 6.15003, 7]},
			"faces": {
				"north": {"uv": [5, 3.5, 5.125, 3.75], "texture": "#0"},
				"east": {"uv": [5, 4.375, 5.125, 4.625], "texture": "#0"},
				"south": {"uv": [5, 4.75, 5.125, 5], "texture": "#0"},
				"west": {"uv": [5.125, 1.125, 5.25, 1.375], "texture": "#0"},
				"up": {"uv": [6.125, 6.25, 6, 6.125], "texture": "#0"},
				"down": {"uv": [6.375, 3, 6.25, 3.125], "texture": "#0"}
			}
		},
		{
			"from": [9.01498, 10.2449, 6.4],
			"to": [10.21498, 12.4449, 7.6],
			"rotation": {"angle": -22.5, "axis": "z", "origin": [6.61498, 5.3449, 7]},
			"faces": {
				"north": {"uv": [5.125, 2.25, 5.25, 2.5], "texture": "#0"},
				"east": {"uv": [5.125, 2.625, 5.25, 2.875], "texture": "#0"},
				"south": {"uv": [5.125, 3, 5.25, 3.25], "texture": "#0"},
				"west": {"uv": [3.5, 5.125, 3.625, 5.375], "texture": "#0"},
				"up": {"uv": [3.625, 6.375, 3.5, 6.25], "texture": "#0"},
				"down": {"uv": [3.875, 6.25, 3.75, 6.375], "texture": "#0"}
			}
		},
		{
			"from": [11.42734, 10.37266, 6.4],
			"to": [12.62734, 12.57266, 7.6],
			"rotation": {"angle": 0, "axis": "z", "origin": [9.02734, 5.47266, 7]},
			"faces": {
				"north": {"uv": [3.75, 5.125, 3.875, 5.375], "texture": "#0"},
				"east": {"uv": [4, 5.125, 4.125, 5.375], "texture": "#0"},
				"south": {"uv": [4.25, 5.125, 4.375, 5.375], "texture": "#0"},
				"west": {"uv": [4.5, 5.125, 4.625, 5.375], "texture": "#0"},
				"up": {"uv": [4.125, 6.375, 4, 6.25], "texture": "#0"},
				"down": {"uv": [4.375, 6.25, 4.25, 6.375], "texture": "#0"}
			}
		},
		{
			"from": [13.60718, 11.41387, 6.4],
			"to": [14.80718, 13.61387, 7.6],
			"rotation": {"angle": 22.5, "axis": "z", "origin": [11.20718, 6.51387, 7]},
			"faces": {
				"north": {"uv": [4.75, 5.125, 4.875, 5.375], "texture": "#0"},
				"east": {"uv": [5, 5.125, 5.125, 5.375], "texture": "#0"},
				"south": {"uv": [5.25, 1.5, 5.375, 1.75], "texture": "#0"},
				"west": {"uv": [5.25, 3.375, 5.375, 3.625], "texture": "#0"},
				"up": {"uv": [4.625, 6.375, 4.5, 6.25], "texture": "#0"},
				"down": {"uv": [4.875, 6.25, 4.75, 6.375], "texture": "#0"}
			}
		},
		{
			"from": [6.52776, 12.98764, 6.4],
			"to": [8.72776, 14.18764, 7.6],
			"rotation": {"angle": -22.5, "axis": "z", "origin": [13.62776, 10.58764, 7]},
			"faces": {
				"north": {"uv": [5.25, 3.75, 5.5, 3.875], "texture": "#0"},
				"east": {"uv": [6.25, 4.75, 6.375, 4.875], "texture": "#0"},
				"south": {"uv": [5.25, 4, 5.5, 4.125], "texture": "#0"},
				"west": {"uv": [5, 6.25, 5.125, 6.375], "texture": "#0"},
				"up": {"uv": [5.5, 4.375, 5.25, 4.25], "texture": "#0"},
				"down": {"uv": [5.5, 4.5, 5.25, 4.625], "texture": "#0"}
			}
		},
		{
			"from": [5.72263, 10.71001, 6.4],
			"to": [7.92263, 11.91001, 7.6],
			"rotation": {"angle": -45, "axis": "z", "origin": [12.82263, 8.31001, 7]},
			"faces": {
				"north": {"uv": [5.25, 4.75, 5.5, 4.875], "texture": "#0"},
				"east": {"uv": [6.25, 5, 6.375, 5.125], "texture": "#0"},
				"south": {"uv": [5.25, 5, 5.5, 5.125], "texture": "#0"},
				"west": {"uv": [5.25, 6.25, 5.375, 6.375], "texture": "#0"},
				"up": {"uv": [5.5, 5.375, 5.25, 5.25], "texture": "#0"},
				"down": {"uv": [5.625, 1.125, 5.375, 1.25], "texture": "#0"}
			}
		},
		{
			"from": [7.4, 6.4, 8.4],
			"to": [8.6, 25.6, 9.6],
			"rotation": {"angle": 0, "axis": "z", "origin": [8, 18.5, 9]},
			"faces": {
				"north": {"uv": [2.5, 4.125, 2.625, 6.5], "texture": "#0"},
				"east": {"uv": [2.75, 4.125, 2.875, 6.5], "texture": "#0"},
				"south": {"uv": [3, 4.125, 3.125, 6.5], "texture": "#0"},
				"west": {"uv": [3.25, 4.125, 3.375, 6.5], "texture": "#0"},
				"up": {"uv": [6.375, 5.375, 6.25, 5.25], "texture": "#0"},
				"down": {"uv": [5.625, 6.25, 5.5, 6.375], "texture": "#0"}
			}
		},
		{
			"from": [7.27224, 21.98764, 8.4],
			"to": [9.47224, 23.18764, 9.6],
			"rotation": {"angle": 22.5, "axis": "z", "origin": [2.37224, 19.58764, 9]},
			"faces": {
				"north": {"uv": [5.375, 1.875, 5.625, 2], "texture": "#0"},
				"east": {"uv": [6.25, 5.5, 6.375, 5.625], "texture": "#0"},
				"south": {"uv": [5.375, 2.125, 5.625, 2.25], "texture": "#0"},
				"west": {"uv": [6.25, 6, 6.375, 6.125], "texture": "#0"},
				"up": {"uv": [5.625, 2.5, 5.375, 2.375], "texture": "#0"},
				"down": {"uv": [5.625, 2.625, 5.375, 2.75], "texture": "#0"}
			}
		},
		{
			"from": [1.19282, 20.41387, 8.4],
			"to": [2.39282, 22.61387, 9.6],
			"rotation": {"angle": -22.5, "axis": "z", "origin": [4.79282, 15.51387, 9]},
			"faces": {
				"north": {"uv": [5.375, 2.875, 5.5, 3.125], "texture": "#0"},
				"east": {"uv": [5.5, 1.375, 5.625, 1.625], "texture": "#0"},
				"south": {"uv": [5.5, 3.25, 5.625, 3.5], "texture": "#0"},
				"west": {"uv": [3.5, 5.5, 3.625, 5.75], "texture": "#0"},
				"up": {"uv": [6.375, 6.375, 6.25, 6.25], "texture": "#0"},
				"down": {"uv": [6.5, 0, 6.375, 0.125], "texture": "#0"}
			}
		},
		{
			"from": [3.37266, 19.37266, 8.4],
			"to": [4.57266, 21.57266, 9.6],
			"rotation": {"angle": 0, "axis": "z", "origin": [6.97266, 14.47266, 9]},
			"faces": {
				"north": {"uv": [3.75, 5.5, 3.875, 5.75], "texture": "#0"},
				"east": {"uv": [4, 5.5, 4.125, 5.75], "texture": "#0"},
				"south": {"uv": [4.25, 5.5, 4.375, 5.75], "texture": "#0"},
				"west": {"uv": [4.5, 5.5, 4.625, 5.75], "texture": "#0"},
				"up": {"uv": [6.5, 0.375, 6.375, 0.25], "texture": "#0"},
				"down": {"uv": [6.5, 0.5, 6.375, 0.625], "texture": "#0"}
			}
		},
		{
			"from": [8.06265, 20.05003, 8.4],
			"to": [9.26265, 22.25003, 9.6],
			"rotation": {"angle": 45, "axis": "z", "origin": [11.66265, 15.15003, 9]},
			"faces": {
				"north": {"uv": [4.75, 5.5, 4.875, 5.75], "texture": "#0"},
				"east": {"uv": [5, 5.5, 5.125, 5.75], "texture": "#0"},
				"south": {"uv": [5.25, 5.5, 5.375, 5.75], "texture": "#0"},
				"west": {"uv": [5.5, 5.5, 5.625, 5.75], "texture": "#0"},
				"up": {"uv": [6.5, 0.875, 6.375, 0.75], "texture": "#0"},
				"down": {"uv": [6.5, 1, 6.375, 1.125], "texture": "#0"}
			}
		},
		{
			"from": [6.35879, 13.16548, 8.4],
			"to": [8.55879, 14.36548, 9.6],
			"rotation": {"angle": -22.5, "axis": "z", "origin": [13.45879, 16.76548, 9]},
			"faces": {
				"north": {"uv": [5.625, 0, 5.875, 0.125], "texture": "#0"},
				"east": {"uv": [6.375, 1.25, 6.5, 1.375], "texture": "#0"},
				"south": {"uv": [5.625, 0.25, 5.875, 0.375], "texture": "#0"},
				"west": {"uv": [6.375, 1.5, 6.5, 1.625], "texture": "#0"},
				"up": {"uv": [5.875, 0.625, 5.625, 0.5], "texture": "#0"},
				"down": {"uv": [5.875, 0.75, 5.625, 0.875], "texture": "#0"}
			}
		},
		{
			"from": [5.78502, 19.2449, 8.4],
			"to": [6.98502, 21.4449, 9.6],
			"rotation": {"angle": 22.5, "axis": "z", "origin": [9.38502, 14.3449, 9]},
			"faces": {
				"north": {"uv": [5.625, 2.875, 5.75, 3.125], "texture": "#0"},
				"east": {"uv": [5.625, 3.625, 5.75, 3.875], "texture": "#0"},
				"south": {"uv": [5.625, 4, 5.75, 4.25], "texture": "#0"},
				"west": {"uv": [5.625, 4.375, 5.75, 4.625], "texture": "#0"},
				"up": {"uv": [6.5, 1.875, 6.375, 1.75], "texture": "#0"},
				"down": {"uv": [6.5, 2, 6.375, 2.125], "texture": "#0"}
			}
		},
		{
			"from": [8.07737, 19.71001, 8.4],
			"to": [10.27737, 20.91001, 9.6],
			"rotation": {"angle": 45, "axis": "z", "origin": [3.17737, 17.31001, 9]},
			"faces": {
				"north": {"uv": [5.625, 4.75, 5.875, 4.875], "texture": "#0"},
				"east": {"uv": [6.375, 2.25, 6.5, 2.375], "texture": "#0"},
				"south": {"uv": [5.625, 5, 5.875, 5.125], "texture": "#0"},
				"west": {"uv": [6.375, 2.5, 6.5, 2.625], "texture": "#0"},
				"up": {"uv": [5.875, 5.375, 5.625, 5.25], "texture": "#0"},
				"down": {"uv": [6, 1, 5.75, 1.125], "texture": "#0"}
			}
		},
		{
			"from": [7.44121, 4.16548, 8.4],
			"to": [9.64121, 5.36548, 9.6],
			"rotation": {"angle": 22.5, "axis": "z", "origin": [2.54121, 7.76548, 9]},
			"faces": {
				"north": {"uv": [5.75, 1.25, 6, 1.375], "texture": "#0"},
				"east": {"uv": [6.375, 2.75, 6.5, 2.875], "texture": "#0"},
				"south": {"uv": [5.75, 1.5, 6, 1.625], "texture": "#0"},
				"west": {"uv": [6.375, 3.25, 6.5, 3.375], "texture": "#0"},
				"up": {"uv": [6, 1.875, 5.75, 1.75], "texture": "#0"},
				"down": {"uv": [6, 2, 5.75, 2.125], "texture": "#0"}
			}
		},
		{
			"from": [6.73735, 11.05003, 8.4],
			"to": [7.93735, 13.25003, 9.6],
			"rotation": {"angle": -45, "axis": "z", "origin": [4.33735, 6.15003, 9]},
			"faces": {
				"north": {"uv": [5.75, 2.25, 5.875, 2.5], "texture": "#0"},
				"east": {"uv": [5.75, 3.25, 5.875, 3.5], "texture": "#0"},
				"south": {"uv": [5.75, 5.5, 5.875, 5.75], "texture": "#0"},
				"west": {"uv": [5.875, 2.625, 6, 2.875], "texture": "#0"},
				"up": {"uv": [6.5, 3.625, 6.375, 3.5], "texture": "#0"},
				"down": {"uv": [6.5, 3.75, 6.375, 3.875], "texture": "#0"}
			}
		},
		{
			"from": [9.01498, 10.2449, 8.4],
			"to": [10.21498, 12.4449, 9.6],
			"rotation": {"angle": -22.5, "axis": "z", "origin": [6.61498, 5.3449, 9]},
			"faces": {
				"north": {"uv": [3.5, 5.875, 3.625, 6.125], "texture": "#0"},
				"east": {"uv": [5.875, 3.625, 6, 3.875], "texture": "#0"},
				"south": {"uv": [3.75, 5.875, 3.875, 6.125], "texture": "#0"},
				"west": {"uv": [4, 5.875, 4.125, 6.125], "texture": "#0"},
				"up": {"uv": [6.5, 4.125, 6.375, 4], "texture": "#0"},
				"down": {"uv": [6.5, 4.25, 6.375, 4.375], "texture": "#0"}
			}
		},
		{
			"from": [11.42734, 10.37266, 8.4],
			"to": [12.62734, 12.57266, 9.6],
			"rotation": {"angle": 0, "axis": "z", "origin": [9.02734, 5.47266, 9]},
			"faces": {
				"north": {"uv": [5.875, 4, 6, 4.25], "texture": "#0"},
				"east": {"uv": [4.25, 5.875, 4.375, 6.125], "texture": "#0"},
				"south": {"uv": [5.875, 4.375, 6, 4.625], "texture": "#0"},
				"west": {"uv": [4.5, 5.875, 4.625, 6.125], "texture": "#0"},
				"up": {"uv": [6.5, 4.625, 6.375, 4.5], "texture": "#0"},
				"down": {"uv": [5.875, 6.375, 5.75, 6.5], "texture": "#0"}
			}
		},
		{
			"from": [13.60718, 11.41387, 8.4],
			"to": [14.80718, 13.61387, 9.6],
			"rotation": {"angle": 22.5, "axis": "z", "origin": [11.20718, 6.51387, 9]},
			"faces": {
				"north": {"uv": [4.75, 5.875, 4.875, 6.125], "texture": "#0"},
				"east": {"uv": [5, 5.875, 5.125, 6.125], "texture": "#0"},
				"south": {"uv": [5.25, 5.875, 5.375, 6.125], "texture": "#0"},
				"west": {"uv": [5.5, 5.875, 5.625, 6.125], "texture": "#0"},
				"up": {"uv": [6.5, 5.875, 6.375, 5.75], "texture": "#0"},
				"down": {"uv": [6.125, 6.375, 6, 6.5], "texture": "#0"}
			}
		},
		{
			"from": [6.52776, 12.98764, 8.4],
			"to": [8.72776, 14.18764, 9.6],
			"rotation": {"angle": -22.5, "axis": "z", "origin": [13.62776, 10.58764, 9]},
			"faces": {
				"north": {"uv": [5.875, 3, 6.125, 3.125], "texture": "#0"},
				"east": {"uv": [6.5, 3, 6.625, 3.125], "texture": "#0"},
				"south": {"uv": [5.75, 5.875, 6, 6], "texture": "#0"},
				"west": {"uv": [3.5, 6.5, 3.625, 6.625], "texture": "#0"},
				"up": {"uv": [6.25, 0.125, 6, 0], "texture": "#0"},
				"down": {"uv": [6.25, 0.25, 6, 0.375], "texture": "#0"}
			}
		},
		{
			"from": [5.72263, 10.71001, 8.4],
			"to": [7.92263, 11.91001, 9.6],
			"rotation": {"angle": -45, "axis": "z", "origin": [12.82263, 8.31001, 9]},
			"faces": {
				"north": {"uv": [6, 0.5, 6.25, 0.625], "texture": "#0"},
				"east": {"uv": [3.75, 6.5, 3.875, 6.625], "texture": "#0"},
				"south": {"uv": [6, 0.75, 6.25, 0.875], "texture": "#0"},
				"west": {"uv": [4, 6.5, 4.125, 6.625], "texture": "#0"},
				"up": {"uv": [6.25, 2.375, 6, 2.25], "texture": "#0"},
				"down": {"uv": [6.25, 3.25, 6, 3.375], "texture": "#0"}
			}
		}
	],
	"display": {
		"thirdperson_righthand": {
			"rotation": [0, 90, 0],
			"translation": [0, -4.75, 2],
			"scale": [0.4, 0.4, 0.4]
		},
		"thirdperson_lefthand": {
			"rotation": [0, 90, 0],
			"translation": [0, -4.75, 2],
			"scale": [0.4, 0.4, 0.4]
		},
		"firstperson_righthand": {
			"rotation": [0, 88, 0],
			"translation": [1.25, -2, 0],
			"scale": [0.4, 0.4, 0.4]
		},
		"firstperson_lefthand": {
			"rotation": [0, 88, 0],
			"translation": [1.25, -2, 0],
			"scale": [0.4, 0.4, 0.4]
		},
		"ground": {
			"rotation": [45, 0, -39],
			"scale": [0.4, 0.4, 0.4]
		},
		"gui": {
			"rotation": [22, -31, 0],
			"translation": [0, -3.75, 0],
			"scale": [0.5, 0.5, 0.5]
		},
		"head": {
			"translation": [0, 15, 0]
		},
		"fixed": {
			"translation": [0, -4.75, -1.25],
			"scale": [0.6, 0.6, 0.6]
		}
	},
	"groups": [
		0,
		1,
		{
			"name": "group",
			"origin": [12.82263, 5.31001, 6.5],
			"color": 0,
			"children": [2, 3, 4, 5, 6, 7, 8, 9, 10, 11, 12, 13, 14, 15, 16]
		},
		{
			"name": "group",
			"origin": [12.82263, 5.31001, 6.5],
			"color": 0,
			"children": [17, 18, 19, 20, 21, 22, 23, 24, 25, 26, 27, 28, 29, 30, 31]
		}
	]
}