{
	"credit": "Made with Blockbench",
	"texture_size": [128, 128],
	"textures": {
		"0": "block/acacia_button",
		"particle": "block/acacia_button"
	},
	"elements": [
		{
			"from": [2, 0, 5],
			"to": [14, 4, 11],
			"faces": {
				"north": {"uv": [13.875, 1, 16, 2], "texture": "#0"},
				"east": {"uv": [14.625, 0, 16, 1], "texture": "#0"},
				"south": {"uv": [13.875, 1, 16, 2], "texture": "#0"},
				"west": {"uv": [14.625, 0, 16, 1], "texture": "#0"},
				"up": {"uv": [14.25, 2, 16, 2.875], "texture": "#0"},
				"down": {"uv": [0, 0, 1.5, 0.75], "texture": "#0"}
			}
		},
		{
			"from": [2, 4, 5],
			"to": [14, 5, 11],
			"rotation": {"angle": 0, "axis": "x", "origin": [8, 5, 8]},
			"faces": {
				"north": {"uv": [11.125, 15.625, 14.875, 16], "texture": "#0"},
				"east": {"uv": [15.125, 15.625, 16, 16], "texture": "#0"},
				"south": {"uv": [7.375, 16, 11.125, 15.75], "texture": "#0"},
				"west": {"uv": [15.125, 15.625, 16, 16], "texture": "#0"},
				"up": {"uv": [7.375, 15.625, 11.125, 16], "texture": "#0"},
				"down": {"uv": [1.125, 1.625, 2.625, 2.375], "texture": "#0"}
			}
		},
		{
			"from": [2, 5, 5.5],
			"to": [14, 6, 10.5],
			"rotation": {"angle": 0, "axis": "x", "origin": [8, 5, 8]},
			"faces": {
				"north": {"uv": [11.125, 15.125, 14.625, 15.625], "texture": "#0"},
				"east": {"uv": [8.625, 0, 9.5, 0.375], "texture": "#0"},
				"south": {"uv": [7.375, 15.875, 11.125, 16], "texture": "#0"},
				"west": {"uv": [8.625, 0, 9.5, 0.375], "texture": "#0"},
				"up": {"uv": [11.125, 13.75, 14.625, 15.125], "texture": "#0"},
				"down": {"uv": [0.625, 7.625, 2.125, 8.625], "texture": "#0"}
			}
		}
	],
	"display": {
		"thirdperson_righthand": {
			"rotation": [0, -90, 0],
			"translation": [0, 5.75, 0]
		},
		"thirdperson_lefthand": {
			"rotation": [0, -90, 0],
			"translation": [0, 5.75, 0]
		},
		"firstperson_righthand": {
			"translation": [0.75, 4.75, 0]
		},
		"firstperson_lefthand": {
			"translation": [0.75, 4.75, 0]
		},
		"ground": {
			"translation": [0, 6.25, 0]
		},
		"gui": {
			"rotation": [21, 154, 0],
			"translation": [0, 3, 0]
		},
		"head": {
			"translation": [0, 13.75, 0]
		},
		"fixed": {
			"rotation": [-90, 0, 0],
			"translation": [0, -0.25, -12.25],
			"scale": [1.5, 1.5, 1.5]
		}
	}
}