{
	"credit": "Made with Blockbench",
	"texture_size": [1280, 720],
	"textures": {
		"0": "block/sexystanley",
		"particle": "block/sexystanley"
	},
	"elements": [
		{
			"from": [9, 0, 7.8],
			"to": [10, 6, 8.8],
			"rotation": {"angle": 0, "axis": "y", "origin": [0, 0, 0.8]},
			"faces": {
				"north": {"uv": [7.2625, 11.04444, 7.5, 13.62222], "texture": "#0"},
				"east": {"uv": [0, 0, 0.0125, 0.13333], "texture": "#0"},
				"south": {"uv": [0, 0, 0.0125, 0.13333], "texture": "#0"},
				"west": {"uv": [0, 0, 0.0125, 0.13333], "texture": "#0"},
				"up": {"uv": [0, 0, 0.0125, 0.02222], "texture": "#0"},
				"down": {"uv": [0, 0, 0.0125, 0.02222], "texture": "#0"}
			}
		},
		{
			"from": [8.5, 0, 4.8],
			"to": [10.5, 1, 8.8],
			"rotation": {"angle": 0, "axis": "y", "origin": [0, 0, 0.8]},
			"faces": {
				"north": {"uv": [6.775, 13.4, 7.3125, 13.84444], "texture": "#0"},
				"east": {"uv": [0, 0, 0.0125, 0.13333], "texture": "#0"},
				"south": {"uv": [0, 0, 0.0125, 0.13333], "texture": "#0"},
				"west": {"uv": [0, 0, 0.0125, 0.13333], "texture": "#0"},
				"up": {"uv": [6.85, 13.42222, 7.15, 13.86667], "texture": "#0"},
				"down": {"uv": [0, 0, 0.0125, 0.02222], "texture": "#0"}
			}
		},
		{
			"from": [5.5, 0, 4.8],
			"to": [7.5, 1, 8.8],
			"rotation": {"angle": 0, "axis": "y", "origin": [0, 0, 0.8]},
			"faces": {
				"north": {"uv": [8.575, 13.44444, 9.1, 13.82222], "texture": "#0"},
				"east": {"uv": [0, 0, 0.0125, 0.13333], "texture": "#0"},
				"south": {"uv": [0, 0, 0.0125, 0.13333], "texture": "#0"},
				"west": {"uv": [0, 0, 0.0125, 0.13333], "texture": "#0"},
				"up": {"uv": [8.6875, 13.48889, 9, 13.73333], "texture": "#0"},
				"down": {"uv": [0, 0, 0.0125, 0.02222], "texture": "#0"}
			}
		},
		{
			"from": [6, 0, 7.8],
			"to": [7, 6, 8.8],
			"rotation": {"angle": 0, "axis": "y", "origin": [0, 0, 0.8]},
			"faces": {
				"north": {"uv": [8.2875, 11.11111, 8.55, 13.57778], "texture": "#0"},
				"east": {"uv": [0, 0, 0.0125, 0.13333], "texture": "#0"},
				"south": {"uv": [0, 0, 0.0125, 0.13333], "texture": "#0"},
				"west": {"uv": [0, 0, 0.0125, 0.13333], "texture": "#0"},
				"up": {"uv": [0, 0, 0.0125, 0.02222], "texture": "#0"},
				"down": {"uv": [0, 0, 0.0125, 0.02222], "texture": "#0"}
			}
		},
		{
			"from": [5, 6, 7.3],
			"to": [11, 8, 9.3],
			"rotation": {"angle": 0, "axis": "y", "origin": [0, 0, 0.8]},
			"faces": {
				"north": {"uv": [6.9625, 9.95556, 8.8375, 10.8], "texture": "#0"},
				"east": {"uv": [0, 0, 0.0125, 0.13333], "texture": "#0"},
				"south": {"uv": [0, 0, 0.0125, 0.13333], "texture": "#0"},
				"west": {"uv": [0, 0, 0.0125, 0.13333], "texture": "#0"},
				"up": {"uv": [0, 0, 0.0125, 0.02222], "texture": "#0"},
				"down": {"uv": [0, 0, 0.0125, 0.02222], "texture": "#0"}
			}
		},
		{
			"from": [3, 8, 6.8],
			"to": [13, 17, 9.8],
			"rotation": {"angle": 0, "axis": "y", "origin": [0, 0, 0.8]},
			"faces": {
				"north": {"uv": [6.7125, 6.86667, 8.8125, 10.11111], "texture": "#0"},
				"east": {"uv": [0, 0, 0.0125, 0.13333], "texture": "#0"},
				"south": {"uv": [0, 0, 0.0125, 0.13333], "texture": "#0"},
				"west": {"uv": [0, 0, 0.0125, 0.13333], "texture": "#0"},
				"up": {"uv": [0, 0, 0.0125, 0.02222], "texture": "#0"},
				"down": {"uv": [0, 0, 0.0125, 0.02222], "texture": "#0"}
			}
		},
		{
			"from": [6, 16, 5.8],
			"to": [11, 21, 10.8],
			"rotation": {"angle": 0, "axis": "y", "origin": [0, 0, 0.8]},
			"faces": {
				"north": {"uv": [7.175, 4.37778, 8.4, 6.53333], "texture": "#0"},
				"east": {"uv": [0, 0, 0.0125, 0.13333], "texture": "#0"},
				"south": {"uv": [0, 0, 0.0125, 0.13333], "texture": "#0"},
				"west": {"uv": [0, 0, 0.0125, 0.13333], "texture": "#0"},
				"up": {"uv": [0, 0, 0.0125, 0.02222], "texture": "#0"},
				"down": {"uv": [0, 0, 0.0125, 0.02222], "texture": "#0"}
			}
		},
		{
			"from": [11, 18, 6.8],
			"to": [12, 21, 8.8],
			"rotation": {"angle": 0, "axis": "y", "origin": [0, 0, 0.8]},
			"faces": {
				"north": {"uv": [7.0375, 4.42222, 7.3, 6.42222], "texture": "#0"},
				"east": {"uv": [0, 0, 0.0125, 0.13333], "texture": "#0"},
				"south": {"uv": [0, 0, 0.0125, 0.13333], "texture": "#0"},
				"west": {"uv": [0, 0, 0.0125, 0.13333], "texture": "#0"},
				"up": {"uv": [0, 0, 0.0125, 0.02222], "texture": "#0"},
				"down": {"uv": [0, 0, 0.0125, 0.02222], "texture": "#0"}
			}
		},
		{
			"from": [5, 18, 6.8],
			"to": [6, 21, 8.8],
			"rotation": {"angle": 0, "axis": "y", "origin": [0, 0, 0.8]},
			"faces": {
				"north": {"uv": [8.4375, 4.28889, 8.7, 6.28889], "texture": "#0"},
				"east": {"uv": [0, 0, 0.0125, 0.13333], "texture": "#0"},
				"south": {"uv": [0, 0, 0.0125, 0.13333], "texture": "#0"},
				"west": {"uv": [0, 0, 0.0125, 0.13333], "texture": "#0"},
				"up": {"uv": [0, 0, 0.0125, 0.02222], "texture": "#0"},
				"down": {"uv": [0, 0, 0.0125, 0.02222], "texture": "#0"}
			}
		},
		{
			"from": [6, 21, 5.8],
			"to": [11, 23, 10.8],
			"rotation": {"angle": 0, "axis": "y", "origin": [0, 0, 0.8]},
			"faces": {
				"north": {"uv": [7.2875, 3.28889, 8.5125, 4.28889], "texture": "#0"},
				"east": {"uv": [0, 0, 0.0125, 0.13333], "texture": "#0"},
				"south": {"uv": [0, 0, 0.0125, 0.13333], "texture": "#0"},
				"west": {"uv": [0, 0, 0.0125, 0.13333], "texture": "#0"},
				"up": {"uv": [0, 0, 0.0125, 0.02222], "texture": "#0"},
				"down": {"uv": [0, 0, 0.0125, 0.02222], "texture": "#0"}
			}
		},
		{
			"from": [11, 12, 6.6],
			"to": [17, 16, 9.6],
			"rotation": {"angle": -22.5, "axis": "z", "origin": [17, 15, 8.3]},
			"faces": {
				"north": {"uv": [6.1625, 5.64444, 7.1125, 8.13333], "texture": "#0"},
				"east": {"uv": [0, 0, 0.0125, 0.13333], "texture": "#0"},
				"south": {"uv": [0, 0, 0.0125, 0.13333], "texture": "#0"},
				"west": {"uv": [0, 0, 0.0125, 0.13333], "texture": "#0"},
				"up": {"uv": [0, 0, 0.0125, 0.02222], "texture": "#0"},
				"down": {"uv": [0, 0, 0.0125, 0.02222], "texture": "#0"}
			}
		},
		{
			"from": [15, 7, 6.6],
			"to": [17, 12, 9.6],
			"rotation": {"angle": -22.5, "axis": "z", "origin": [17, 15, 8.3]},
			"faces": {
				"north": {"uv": [6.3, 7.86667, 6.8125, 9.77778], "texture": "#0"},
				"east": {"uv": [0, 0, 0.0125, 0.13333], "texture": "#0"},
				"south": {"uv": [0, 0, 0.0125, 0.13333], "texture": "#0"},
				"west": {"uv": [0, 0, 0.0125, 0.13333], "texture": "#0"},
				"up": {"uv": [0, 0, 0.0125, 0.02222], "texture": "#0"},
				"down": {"uv": [0, 0, 0.0125, 0.02222], "texture": "#0"}
			}
		},
		{
			"from": [1.5, 7, 6.6],
			"to": [3.5, 12, 9.6],
			"rotation": {"angle": 22.5, "axis": "z", "origin": [1, 9.5, 8.1]},
			"faces": {
				"north": {"uv": [8.9625, 7.62222, 9.5875, 9.62222], "texture": "#0"},
				"east": {"uv": [0, 0, 0.0125, 0.13333], "texture": "#0"},
				"south": {"uv": [0, 0, 0.0125, 0.13333], "texture": "#0"},
				"west": {"uv": [0, 0, 0.0125, 0.13333], "texture": "#0"},
				"up": {"uv": [0, 0, 0.0125, 0.02222], "texture": "#0"},
				"down": {"uv": [0, 0, 0.0125, 0.02222], "texture": "#0"}
			}
		},
		{
			"from": [0, 13, 6.6],
			"to": [6, 17, 9.6],
			"rotation": {"angle": 22.5, "axis": "z", "origin": [3, 14, 8.1]},
			"faces": {
				"north": {"uv": [7.1125, 5.64444, 6.1625, 8.13333], "texture": "#0"},
				"east": {"uv": [0, 0, 0.0125, 0.13333], "texture": "#0"},
				"south": {"uv": [0, 0, 0.0125, 0.13333], "texture": "#0"},
				"west": {"uv": [0, 0, 0.0125, 0.13333], "texture": "#0"},
				"up": {"uv": [0, 0, 0.0125, 0.02222], "texture": "#0"},
				"down": {"uv": [0, 0, 0.0125, 0.02222], "texture": "#0"}
			}
		}
	],
	"display": {
		"thirdperson_righthand": {
			"rotation": [0, -90, 0],
			"translation": [0, -5.75, 0.75]
		},
		"thirdperson_lefthand": {
			"rotation": [0, -90, 0],
			"translation": [0, -5.75, 0.75]
		},
		"firstperson_righthand": {
			"rotation": [0, 90, 0],
			"translation": [2, -5.75, 0]
		},
		"firstperson_lefthand": {
			"rotation": [0, 90, 0],
			"translation": [2, -5.75, 0]
		},
		"ground": {
			"rotation": [90, 0, 0],
			"translation": [0, 3.75, -3.5]
		},
		"gui": {
			"rotation": [0, -180, 0],
			"translation": [0, -3, 0]
		},
		"head": {
			"translation": [0, 4.75, 0]
		},
		"fixed": {
			"translation": [0, 0, -2]
		}
	}
}