{
	"credit": "Made with Blockbench",
	"textures": {
		"0": "block/amongus",
		"particle": "block/amongus"
	},
	"elements": [
		{
			"from": [6, 2, 7],
			"to": [10, 6, 9],
			"faces": {
				"north": {"uv": [0, 0, 4, 4], "texture": "#0"},
				"east": {"uv": [0, 0, 2, 4], "texture": "#0"},
				"south": {"uv": [0, 0, 4, 4], "texture": "#0"},
				"west": {"uv": [0, 0, 2, 4], "texture": "#0"},
				"up": {"uv": [0, 0, 4, 2], "texture": "#0"},
				"down": {"uv": [0, 0, 4, 2], "texture": "#0"}
			}
		},
		{
			"from": [6.5, 2.25, 8.75],
			"to": [9.5, 5, 9.75],
			"faces": {
				"north": {"uv": [0, 0, 3, 2.75], "texture": "#0"},
				"east": {"uv": [0, 0, 1, 2.75], "texture": "#0"},
				"south": {"uv": [0, 0, 3, 2.75], "texture": "#0"},
				"west": {"uv": [0, 0, 1, 2.75], "texture": "#0"},
				"up": {"uv": [0, 0, 3, 1], "texture": "#0"},
				"down": {"uv": [0, 0, 3, 1], "texture": "#0"}
			}
		},
		{
			"from": [8.1, 0, 7],
			"to": [10, 2, 9],
			"faces": {
				"north": {"uv": [0, 0, 1.9, 2], "texture": "#0"},
				"east": {"uv": [0, 0, 2, 2], "texture": "#0"},
				"south": {"uv": [0, 0, 1.9, 2], "texture": "#0"},
				"west": {"uv": [0, 0, 2, 2], "texture": "#0"},
				"up": {"uv": [0, 0, 1.9, 2], "texture": "#0"},
				"down": {"uv": [0, 0, 1.9, 2], "texture": "#0"}
			}
		},
		{
			"from": [6, 0, 7],
			"to": [7.9, 2, 9],
			"faces": {
				"north": {"uv": [0, 0, 1.9, 2], "texture": "#0"},
				"east": {"uv": [0, 0, 2, 2], "texture": "#0"},
				"south": {"uv": [0, 0, 1.9, 2], "texture": "#0"},
				"west": {"uv": [0, 0, 2, 2], "texture": "#0"},
				"up": {"uv": [0, 0, 1.9, 2], "texture": "#0"},
				"down": {"uv": [0, 0, 1.9, 2], "texture": "#0"}
			}
		},
		{
			"from": [6.5, 3.7, 6.75],
			"to": [9.5, 4.95, 7.75],
			"faces": {
				"north": {"uv": [0, 12, 7, 16], "texture": "#0"},
				"east": {"uv": [15, 14.75, 16, 16], "texture": "#0"},
				"south": {"uv": [13, 14.75, 16, 16], "texture": "#0"},
				"west": {"uv": [15, 14.75, 16, 16], "texture": "#0"},
				"up": {"uv": [13, 15, 16, 16], "texture": "#0"},
				"down": {"uv": [13, 15, 16, 16], "texture": "#0"}
			}
		}
	],
	"display": {
		"thirdperson_righthand": {
			"translation": [0, 6, 1.25]
		},
		"thirdperson_lefthand": {
			"translation": [0, 6, 1.25]
		},
		"firstperson_righthand": {
			"translation": [0.5, 6.25, 0]
		},
		"firstperson_lefthand": {
			"translation": [0.5, 6.25, 0]
		},
		"ground": {
			"rotation": [90, 0, 0],
			"translation": [0, 0.25, 4.75]
		},
		"gui": {
			"rotation": [-156, 26.5, -180],
			"translation": [0, 2.5, 0]
		},
		"head": {
			"translation": [0, 14.5, 0]
		},
		"fixed": {
			"translation": [0, 2.5, -1],
			"scale": [1.5, 1.5, 1.5]
		}
	}
}