{
	"credit": "Made with Blockbench",
	"texture_size": [64, 64],
	"textures": {
		"0": "seapickles4",
		"particle": "seapickles4"
	},
	"elements": [
		{
			"from": [7, 0, 1],
			"to": [14, 1, 7],
			"faces": {
				"north": {"uv": [7.5, 6, 9.25, 6.25], "texture": "#0"},
				"east": {"uv": [3.25, 2.5, 4.75, 2.75], "texture": "#0"},
				"south": {"uv": [7.5, 6.25, 9.25, 6.5], "texture": "#0"},
				"west": {"uv": [7.5, 7.25, 9, 7.5], "texture": "#0"},
				"up": {"uv": [4.75, 4.25, 3, 2.75], "texture": "#0"},
				"down": {"uv": [5, 0, 3.25, 1.5], "texture": "#0"}
			}
		},
		{
			"from": [7, 1, 2],
			"to": [14, 2, 6],
			"faces": {
				"north": {"uv": [7.5, 6.5, 9.25, 6.75], "texture": "#0"},
				"east": {"uv": [5.75, 2, 6.75, 2.25], "texture": "#0"},
				"south": {"uv": [6.75, 7.5, 8.5, 7.75], "texture": "#0"},
				"west": {"uv": [5.75, 2.25, 6.75, 2.5], "texture": "#0"},
				"up": {"uv": [7.5, 2, 5.75, 1], "texture": "#0"},
				"down": {"uv": [1.75, 6.25, 0, 7.25], "texture": "#0"}
			}
		},
		{
			"from": [6, -2, 1],
			"to": [15, 3, 2],
			"rotation": {"angle": 45, "axis": "x", "origin": [7, 0, 4]},
			"faces": {
				"north": {"uv": [0, 0, 2.25, 1.25], "texture": "#0"},
				"east": {"uv": [2.5, 7.5, 2.75, 8.75], "texture": "#0"},
				"south": {"uv": [0, 1.25, 2.25, 2.5], "texture": "#0"},
				"west": {"uv": [2.75, 7.5, 3, 8.75], "texture": "#0"},
				"up": {"uv": [9.75, 4.75, 7.5, 4.5], "texture": "#0"},
				"down": {"uv": [9.75, 4.75, 7.5, 5], "texture": "#0"}
			}
		},
		{
			"from": [7, 2, 3],
			"to": [14, 3, 5],
			"faces": {
				"north": {"uv": [7.5, 6.75, 9.25, 7], "texture": "#0"},
				"east": {"uv": [5, 1.25, 5.5, 1.5], "texture": "#0"},
				"south": {"uv": [7.5, 7, 9.25, 7.25], "texture": "#0"},
				"west": {"uv": [5.5, 4.5, 6, 4.75], "texture": "#0"},
				"up": {"uv": [8.75, 3.5, 7, 3], "texture": "#0"},
				"down": {"uv": [9.25, 1, 7.5, 1.5], "texture": "#0"}
			}
		},
		{
			"from": [6, 2, 2],
			"to": [15, 3, 6],
			"rotation": {"angle": 45, "axis": "x", "origin": [7, 0, 4]},
			"faces": {
				"north": {"uv": [7.5, 5, 9.75, 5.25], "texture": "#0"},
				"east": {"uv": [8, 2.25, 9, 2.5], "texture": "#0"},
				"south": {"uv": [7.5, 5.25, 9.75, 5.5], "texture": "#0"},
				"west": {"uv": [8, 2.5, 9, 2.75], "texture": "#0"},
				"up": {"uv": [7, 3.5, 4.75, 2.5], "texture": "#0"},
				"down": {"uv": [7.25, 0, 5, 1], "texture": "#0"}
			}
		},
		{
			"from": [1, 0, 6],
			"to": [5, 4, 14],
			"faces": {
				"north": {"uv": [7, 2, 8, 3], "texture": "#0"},
				"east": {"uv": [0, 5.25, 2, 6.25], "texture": "#0"},
				"south": {"uv": [0, 7.25, 1, 8.25], "texture": "#0"},
				"west": {"uv": [3, 5.25, 5, 6.25], "texture": "#0"},
				"up": {"uv": [6, 7.25, 5, 5.25], "texture": "#0"},
				"down": {"uv": [3, 5.5, 2, 7.5], "texture": "#0"}
			}
		},
		{
			"from": [2, 4, 6],
			"to": [4, 5, 14],
			"faces": {
				"north": {"uv": [5.5, 4.75, 6, 5], "texture": "#0"},
				"east": {"uv": [7.5, 5.5, 9.5, 5.75], "texture": "#0"},
				"south": {"uv": [5.5, 5, 6, 5.25], "texture": "#0"},
				"west": {"uv": [7.5, 5.75, 9.5, 6], "texture": "#0"},
				"up": {"uv": [5, 8.25, 4.5, 6.25], "texture": "#0"},
				"down": {"uv": [1.5, 7.25, 1, 9.25], "texture": "#0"}
			}
		},
		{
			"from": [9, 0, 11],
			"to": [13, 11, 15],
			"faces": {
				"north": {"uv": [2.25, 0, 3.25, 2.75], "texture": "#0"},
				"east": {"uv": [0, 2.5, 1, 5.25], "texture": "#0"},
				"south": {"uv": [1, 2.5, 2, 5.25], "texture": "#0"},
				"west": {"uv": [2, 2.75, 3, 5.5], "texture": "#0"},
				"up": {"uv": [8.25, 1, 7.25, 0], "texture": "#0"},
				"down": {"uv": [4, 7.25, 3, 8.25], "texture": "#0"}
			}
		},
		{
			"from": [10, 11, 11],
			"to": [12, 12, 15],
			"faces": {
				"north": {"uv": [3, 8.25, 3.5, 8.5], "texture": "#0"},
				"east": {"uv": [8, 2.75, 9, 3], "texture": "#0"},
				"south": {"uv": [3.5, 8.25, 4, 8.5], "texture": "#0"},
				"west": {"uv": [6.75, 8, 7.75, 8.25], "texture": "#0"},
				"up": {"uv": [6, 4.5, 5.5, 3.5], "texture": "#0"},
				"down": {"uv": [4.5, 7.25, 4, 8.25], "texture": "#0"}
			}
		},
		{
			"from": [9, 0, 6],
			"to": [11, 4, 7],
			"faces": {
				"north": {"uv": [5, 7.25, 5.5, 8.25], "texture": "#0"},
				"east": {"uv": [7.75, 8, 8, 9], "texture": "#0"},
				"south": {"uv": [5.5, 7.25, 6, 8.25], "texture": "#0"},
				"west": {"uv": [8, 8, 8.25, 9], "texture": "#0"},
				"up": {"uv": [8.75, 3.75, 8.25, 3.5], "texture": "#0"},
				"down": {"uv": [8.75, 3.75, 8.25, 4], "texture": "#0"}
			}
		},
		{
			"from": [0, 1, 5],
			"to": [1, 5, 15],
			"rotation": {"angle": -45, "axis": "z", "origin": [3, 2, 6]},
			"faces": {
				"north": {"uv": [0, 8.25, 0.25, 9.25], "texture": "#0"},
				"east": {"uv": [3.25, 1.5, 5.75, 2.5], "texture": "#0"},
				"south": {"uv": [8.25, 0, 8.5, 1], "texture": "#0"},
				"west": {"uv": [3, 4.25, 5.5, 5.25], "texture": "#0"},
				"up": {"uv": [2, 8.75, 1.75, 6.25], "texture": "#0"},
				"down": {"uv": [1.75, 7.25, 1.5, 9.75], "texture": "#0"}
			}
		},
		{
			"from": [1, 4, 5],
			"to": [4, 5, 15],
			"rotation": {"angle": -45, "axis": "z", "origin": [3, 2, 6]},
			"faces": {
				"north": {"uv": [4.75, 3.5, 5.5, 3.75], "texture": "#0"},
				"east": {"uv": [7.5, 1.5, 10, 1.75], "texture": "#0"},
				"south": {"uv": [4.75, 3.75, 5.5, 4], "texture": "#0"},
				"west": {"uv": [7.5, 1.75, 10, 2], "texture": "#0"},
				"up": {"uv": [6.75, 6, 6, 3.5], "texture": "#0"},
				"down": {"uv": [6.75, 6, 6, 8.5], "texture": "#0"}
			}
		},
		{
			"from": [8, 8, 10],
			"to": [9, 12, 16],
			"rotation": {"angle": -45, "axis": "z", "origin": [11, 9, 11]},
			"faces": {
				"north": {"uv": [0.25, 8.25, 0.5, 9.25], "texture": "#0"},
				"east": {"uv": [3, 6.25, 4.5, 7.25], "texture": "#0"},
				"south": {"uv": [0.5, 8.25, 0.75, 9.25], "texture": "#0"},
				"west": {"uv": [6.75, 3.5, 8.25, 4.5], "texture": "#0"},
				"up": {"uv": [2.25, 9, 2, 7.5], "texture": "#0"},
				"down": {"uv": [2.5, 7.5, 2.25, 9], "texture": "#0"}
			}
		},
		{
			"from": [9, 11, 10],
			"to": [12, 12, 16],
			"rotation": {"angle": -45, "axis": "z", "origin": [11, 9, 11]},
			"faces": {
				"north": {"uv": [4.75, 4, 5.5, 4.25], "texture": "#0"},
				"east": {"uv": [6.75, 7.75, 8.25, 8], "texture": "#0"},
				"south": {"uv": [5, 1, 5.75, 1.25], "texture": "#0"},
				"west": {"uv": [8, 2, 9.5, 2.25], "texture": "#0"},
				"up": {"uv": [7.5, 6, 6.75, 4.5], "texture": "#0"},
				"down": {"uv": [7.5, 6, 6.75, 7.5], "texture": "#0"}
			}
		}
	]
}