{
	"credit": "Made with Blockbench",
	"texture_size": [900, 750],
	"textures": {
		"0": "block/alex-hirsch-3",
		"particle": "block/alex-hirsch-3"
	},
	"elements": [
		{
			"from": [4, 0, 4],
			"to": [13, 7.5, 13],
			"faces": {
				"north": {"uv": [0, 0, 16, 15.95733], "texture": "#0"},
				"east": {"uv": [0, 0, 16, 16], "texture": "#0"},
				"south": {"uv": [0, 0, 16, 15.95733], "texture": "#0"},
				"west": {"uv": [0, 0, 16, 16], "texture": "#0"},
				"up": {"uv": [0, 0, 0, 0], "texture": "#0"},
				"down": {"uv": [0, 0, 0, 0], "texture": "#0"}
			}
		}
	]
}