{
	"credit": "Made with Blockbench",
	"texture_size": [48, 48],
	"textures": {
		"0": "block/frog",
		"1": "block/amongus"
	},
	"elements": [
		{
			"name": "body",
			"from": [4.5, 1.15, 3],
			"to": [11.5, 4.15, 12],
			"faces": {
				"north": {"uv": [4, 3.33333, 6.33333, 4.33333], "texture": "#0"},
				"east": {"uv": [1, 3.33333, 4, 4.33333], "texture": "#0"},
				"south": {"uv": [9.33333, 3.33333, 11.66667, 4.33333], "texture": "#0"},
				"west": {"uv": [6.33333, 3.33333, 9.33333, 4.33333], "texture": "#0"},
				"up": {"uv": [6.33333, 3.33333, 4, 0.33333], "texture": "#0"},
				"down": {"uv": [8.66667, 0.33333, 6.33333, 3.33333], "texture": "#0"}
			}
		},
		{
			"name": "body",
			"from": [4.5, 3.15, 3],
			"to": [11.5, 3.15, 12],
			"faces": {
				"north": {"uv": [10.66667, 10.33333, 13, 10.33333], "texture": "#0"},
				"east": {"uv": [7.66667, 10.33333, 10.66667, 10.33333], "texture": "#0"},
				"south": {"uv": [16, 10.33333, 18.33333, 10.33333], "texture": "#0"},
				"west": {"uv": [13, 10.33333, 16, 10.33333], "texture": "#0"},
				"up": {"uv": [13, 10.33333, 10.66667, 7.33333], "texture": "#0"},
				"down": {"uv": [15.33333, 7.33333, 13, 10.33333], "texture": "#0"}
			}
		},
		{
			"name": "head",
			"from": [4.5, 5.15, 3],
			"to": [11.5, 5.15, 12],
			"faces": {
				"north": {"uv": [10.66667, 7.33333, 13, 7.33333], "texture": "#0"},
				"east": {"uv": [7.66667, 7.33333, 10.66667, 7.33333], "texture": "#0"},
				"south": {"uv": [16, 7.33333, 18.33333, 7.33333], "texture": "#0"},
				"west": {"uv": [13, 7.33333, 16, 7.33333], "texture": "#0"},
				"up": {"uv": [13, 7.33333, 10.66667, 4.33333], "texture": "#0"},
				"down": {"uv": [15.33333, 4.33333, 13, 7.33333], "texture": "#0"}
			}
		},
		{
			"name": "head",
			"from": [4.5, 3.15, 3],
			"to": [11.5, 6.15, 12],
			"rotation": {"angle": 0, "axis": "y", "origin": [8, 4.5, 7.5]},
			"faces": {
				"north": {"uv": [3, 7.33333, 5.33333, 8.33333], "texture": "#0"},
				"east": {"uv": [0, 7.33333, 3, 8.33333], "texture": "#0"},
				"south": {"uv": [8.33333, 7.33333, 10.66667, 8.33333], "texture": "#0"},
				"west": {"uv": [5.33333, 7.33333, 8.33333, 8.33333], "texture": "#0"},
				"up": {"uv": [5.33333, 7.33333, 3, 4.33333], "texture": "#0"},
				"down": {"uv": [7.66667, 4.33333, 5.33333, 7.33333], "texture": "#0"}
			}
		},
		{
			"name": "head",
			"from": [4.5, 6.15, 4],
			"to": [7.5, 8.15, 7],
			"faces": {
				"north": {"uv": [1, 2.66667, 2, 3.33333], "texture": "#0"},
				"east": {"uv": [0, 2.66667, 1, 3.33333], "texture": "#0"},
				"south": {"uv": [3, 2.66667, 4, 3.33333], "texture": "#0"},
				"west": {"uv": [2, 2.66667, 3, 3.33333], "texture": "#0"},
				"up": {"uv": [2, 2.66667, 1, 1.66667], "texture": "#0"},
				"down": {"uv": [3, 1.66667, 2, 2.66667], "texture": "#0"}
			}
		},
		{
			"name": "head",
			"from": [8.5, 6.15, 4],
			"to": [11.5, 8.15, 7],
			"faces": {
				"north": {"uv": [1, 1, 2, 1.66667], "texture": "#0"},
				"east": {"uv": [0, 1, 1, 1.66667], "texture": "#0"},
				"south": {"uv": [3, 1, 4, 1.66667], "texture": "#0"},
				"west": {"uv": [2, 1, 3, 1.66667], "texture": "#0"},
				"up": {"uv": [2, 1, 1, 0], "texture": "#0"},
				"down": {"uv": [3, 0, 2, 1], "texture": "#0"}
			}
		},
		{
			"name": "sac",
			"from": [4.6, 1.35, 3.2],
			"to": [11.4, 3.15, 6],
			"faces": {
				"north": {"uv": [9.66667, 2.66667, 12, 3.33333], "texture": "#0"},
				"east": {"uv": [8.66667, 2.66667, 9.66667, 3.33333], "texture": "#0"},
				"south": {"uv": [13, 2.66667, 15.33333, 3.33333], "texture": "#0"},
				"west": {"uv": [12, 2.66667, 13, 3.33333], "texture": "#0"},
				"up": {"uv": [12, 2.66667, 9.66667, 1.66667], "texture": "#0"},
				"down": {"uv": [14.33333, 1.66667, 12, 2.66667], "texture": "#0"}
			}
		},
		{
			"name": "tongue",
			"from": [6, 3.25, 4.9],
			"to": [10, 3.25, 11.9],
			"faces": {
				"north": {"uv": [8, 6.66667, 9.33333, 6.66667], "texture": "#0"},
				"east": {"uv": [5.66667, 6.66667, 8, 6.66667], "texture": "#0"},
				"south": {"uv": [11.66667, 6.66667, 13, 6.66667], "texture": "#0"},
				"west": {"uv": [9.33333, 6.66667, 11.66667, 6.66667], "texture": "#0"},
				"up": {"uv": [9.33333, 6.66667, 8, 4.33333], "texture": "#0"},
				"down": {"uv": [10.66667, 4.33333, 9.33333, 6.66667], "texture": "#0"}
			}
		},
		{
			"name": "left_arm",
			"from": [3, 0.15, 3.5],
			"to": [5, 3.15, 6.5],
			"faces": {
				"north": {"uv": [1, 11.66667, 1.66667, 12.66667], "texture": "#0"},
				"east": {"uv": [0, 11.66667, 1, 12.66667], "texture": "#0"},
				"south": {"uv": [2.66667, 11.66667, 3.33333, 12.66667], "texture": "#0"},
				"west": {"uv": [1.66667, 11.66667, 2.66667, 12.66667], "texture": "#0"},
				"up": {"uv": [1.66667, 11.66667, 1, 10.66667], "texture": "#0"},
				"down": {"uv": [2.33333, 10.66667, 1.66667, 11.66667], "texture": "#0"}
			}
		},
		{
			"name": "left_arm",
			"from": [0, 0.14, -0.5],
			"to": [8, 0.14, 7.5],
			"faces": {
				"north": {"uv": [8.66667, 16, 11.33333, 16], "texture": "#0"},
				"east": {"uv": [6, 16, 8.66667, 16], "texture": "#0"},
				"south": {"uv": [14, 16, 16.66667, 16], "texture": "#0"},
				"west": {"uv": [11.33333, 16, 14, 16], "texture": "#0"},
				"up": {"uv": [11.33333, 16, 8.66667, 13.33333], "texture": "#0"},
				"down": {"uv": [14, 13.33333, 11.33333, 16], "texture": "#0"}
			}
		},
		{
			"name": "right_arm",
			"from": [11, 0.15, 3.5],
			"to": [13, 3.15, 6.5],
			"faces": {
				"north": {"uv": [1, 13.66667, 1.66667, 14.66667], "texture": "#0"},
				"east": {"uv": [0, 13.66667, 1, 14.66667], "texture": "#0"},
				"south": {"uv": [2.66667, 13.66667, 3.33333, 14.66667], "texture": "#0"},
				"west": {"uv": [1.66667, 13.66667, 2.66667, 14.66667], "texture": "#0"},
				"up": {"uv": [1.66667, 13.66667, 1, 12.66667], "texture": "#0"},
				"down": {"uv": [2.33333, 12.66667, 1.66667, 13.66667], "texture": "#0"}
			}
		},
		{
			"name": "right_arm",
			"from": [8, 0.14, -0.5],
			"to": [16, 0.14, 7.5],
			"faces": {
				"north": {"uv": [3.33333, 16, 6, 16], "texture": "#0"},
				"east": {"uv": [0.66667, 16, 3.33333, 16], "texture": "#0"},
				"south": {"uv": [8.66667, 16, 11.33333, 16], "texture": "#0"},
				"west": {"uv": [6, 16, 8.66667, 16], "texture": "#0"},
				"up": {"uv": [6, 16, 3.33333, 13.33333], "texture": "#0"},
				"down": {"uv": [8.66667, 13.33333, 6, 16], "texture": "#0"}
			}
		},
		{
			"name": "left_leg",
			"from": [2.5, 0.15, 9],
			"to": [5.5, 3.15, 13],
			"faces": {
				"north": {"uv": [6, 9.66667, 7, 10.66667], "texture": "#0"},
				"east": {"uv": [4.66667, 9.66667, 6, 10.66667], "texture": "#0"},
				"south": {"uv": [8.33333, 9.66667, 9.33333, 10.66667], "texture": "#0"},
				"west": {"uv": [7, 9.66667, 8.33333, 10.66667], "texture": "#0"},
				"up": {"uv": [7, 9.66667, 6, 8.33333], "texture": "#0"},
				"down": {"uv": [8, 8.33333, 7, 9.66667], "texture": "#0"}
			}
		},
		{
			"name": "left_leg",
			"from": [-1.5, 0.14, 7],
			"to": [6.5, 0.14, 15],
			"faces": {
				"north": {"uv": [3.33333, 13.33333, 6, 13.33333], "texture": "#0"},
				"east": {"uv": [0.66667, 13.33333, 3.33333, 13.33333], "texture": "#0"},
				"south": {"uv": [8.66667, 13.33333, 11.33333, 13.33333], "texture": "#0"},
				"west": {"uv": [6, 13.33333, 8.66667, 13.33333], "texture": "#0"},
				"up": {"uv": [6, 13.33333, 3.33333, 10.66667], "texture": "#0"},
				"down": {"uv": [8.66667, 10.66667, 6, 13.33333], "texture": "#0"}
			}
		},
		{
			"name": "right_leg",
			"from": [10.5, 0.15, 9],
			"to": [13.5, 3.15, 13],
			"faces": {
				"north": {"uv": [1.33333, 9.66667, 2.33333, 10.66667], "texture": "#0"},
				"east": {"uv": [0, 9.66667, 1.33333, 10.66667], "texture": "#0"},
				"south": {"uv": [3.66667, 9.66667, 4.66667, 10.66667], "texture": "#0"},
				"west": {"uv": [2.33333, 9.66667, 3.66667, 10.66667], "texture": "#0"},
				"up": {"uv": [2.33333, 9.66667, 1.33333, 8.33333], "texture": "#0"},
				"down": {"uv": [3.33333, 8.33333, 2.33333, 9.66667], "texture": "#0"}
			}
		},
		{
			"name": "right_leg",
			"from": [9.5, 0.14, 7],
			"to": [17.5, 0.14, 15],
			"faces": {
				"north": {"uv": [8.66667, 13.33333, 11.33333, 13.33333], "texture": "#0"},
				"east": {"uv": [6, 13.33333, 8.66667, 13.33333], "texture": "#0"},
				"south": {"uv": [14, 13.33333, 16.66667, 13.33333], "texture": "#0"},
				"west": {"uv": [11.33333, 13.33333, 14, 13.33333], "texture": "#0"},
				"up": {"uv": [11.33333, 13.33333, 8.66667, 10.66667], "texture": "#0"},
				"down": {"uv": [14, 10.66667, 11.33333, 13.33333], "texture": "#0"}
			}
		},
		{
			"from": [6, 8.15, 8],
			"to": [10, 12.15, 10],
			"rotation": {"angle": 0, "axis": "y", "origin": [-8, 2.25, -6]},
			"faces": {
				"north": {"uv": [0.66667, 1.66667, 2, 3], "texture": "#1"},
				"east": {"uv": [0, 1.66667, 0.66667, 3], "texture": "#1"},
				"south": {"uv": [2.66667, 1.66667, 4, 3], "texture": "#1"},
				"west": {"uv": [2, 1.66667, 2.66667, 3], "texture": "#1"},
				"up": {"uv": [2, 1.66667, 0.66667, 1], "texture": "#1"},
				"down": {"uv": [3.33333, 1, 2, 1.66667], "texture": "#1"}
			}
		},
		{
			"from": [8.1, 6.15, 8],
			"to": [10, 8.15, 10],
			"rotation": {"angle": 0, "axis": "y", "origin": [-8, 2.25, -6]},
			"faces": {
				"north": {"uv": [0.66667, 0.66667, 1, 1.33333], "texture": "#1"},
				"east": {"uv": [0, 0.66667, 0.66667, 1.33333], "texture": "#1"},
				"south": {"uv": [1.66667, 0.66667, 2, 1.33333], "texture": "#1"},
				"west": {"uv": [1, 0.66667, 1.66667, 1.33333], "texture": "#1"},
				"up": {"uv": [1, 0.66667, 0.66667, 0], "texture": "#1"},
				"down": {"uv": [1.33333, 0, 1, 0.66667], "texture": "#1"}
			}
		},
		{
			"from": [6.5, 8.4, 9.75],
			"to": [9.5, 11.15, 10.75],
			"rotation": {"angle": 0, "axis": "y", "origin": [-8, 2.25, -6]},
			"faces": {
				"north": {"uv": [0.33333, 0.33333, 1.33333, 1], "texture": "#1"},
				"east": {"uv": [0, 0.33333, 0.33333, 1], "texture": "#1"},
				"south": {"uv": [1.66667, 0.33333, 2.66667, 1], "texture": "#1"},
				"west": {"uv": [1.33333, 0.33333, 1.66667, 1], "texture": "#1"},
				"up": {"uv": [1.33333, 0.33333, 0.33333, 0], "texture": "#1"},
				"down": {"uv": [2.33333, 0, 1.33333, 0.33333], "texture": "#1"}
			}
		},
		{
			"from": [6, 6.15, 8],
			"to": [7.9, 8.15, 10],
			"rotation": {"angle": 0, "axis": "y", "origin": [-8, 2.25, -6]},
			"faces": {
				"north": {"uv": [0.66667, 0.66667, 1, 1.33333], "texture": "#1"},
				"east": {"uv": [0, 0.66667, 0.66667, 1.33333], "texture": "#1"},
				"south": {"uv": [1.66667, 0.66667, 2, 1.33333], "texture": "#1"},
				"west": {"uv": [1, 0.66667, 1.66667, 1.33333], "texture": "#1"},
				"up": {"uv": [1, 0.66667, 0.66667, 0], "texture": "#1"},
				"down": {"uv": [1.33333, 0, 1, 0.66667], "texture": "#1"}
			}
		},
		{
			"from": [6.5, 9.85, 7.75],
			"to": [9.5, 11.1, 8.75],
			"rotation": {"angle": 0, "axis": "y", "origin": [-8, 2.25, -6]},
			"faces": {
				"north": {"uv": [2.33333, 14.33333, 3.33333, 14.66667], "texture": "#1"},
				"east": {"uv": [2, 14.33333, 2.33333, 14.66667], "texture": "#1"},
				"south": {"uv": [3.66667, 14.33333, 4.66667, 14.66667], "texture": "#1"},
				"west": {"uv": [3.33333, 14.33333, 3.66667, 14.66667], "texture": "#1"},
				"up": {"uv": [3.33333, 14.33333, 2.33333, 14], "texture": "#1"},
				"down": {"uv": [4.33333, 14, 3.33333, 14.33333], "texture": "#1"}
			}
		}
	],
	"display": {
		"head": {
			"translation": [0, 14.5, 0]
		}
	},
	"groups": [
		{
			"name": "body",
			"origin": [0, 0, 0],
			"color": 0,
			"children": [0, 1]
		},
		{
			"name": "head",
			"origin": [0, 4, 3],
			"color": 0,
			"children": [2, 3, 4, 5]
		},
		{
			"name": "sac",
			"origin": [0, 3, -1],
			"color": 0,
			"children": [6]
		},
		{
			"name": "tongue",
			"origin": [0, 3.1, 5],
			"color": 0,
			"children": [7]
		},
		{
			"name": "left_arm",
			"origin": [-4, 3, -2.5],
			"color": 0,
			"children": [8, 9]
		},
		{
			"name": "right_arm",
			"origin": [4, 3, -2.5],
			"color": 0,
			"children": [10, 11]
		},
		{
			"name": "left_leg",
			"origin": [-3.5, 3, 4],
			"color": 0,
			"children": [12, 13]
		},
		{
			"name": "right_leg",
			"origin": [3.5, 3, 4],
			"color": 0,
			"children": [14, 15]
		},
		{
			"name": "bone",
			"origin": [-8, 2.25, -6],
			"color": 0,
			"children": [16, 17, 18, 19, 20]
		}
	]
}