{
	"credit": "Made with Blockbench",
	"texture_size": [128, 128],
	"textures": {
		"0": "block/hootyflower",
		"particle": "block/hootyflower"
	},
	"elements": [
		{
			"from": [0, 0.1, 0],
			"to": [16, 0.1, 16],
			"faces": {
				"north": {"uv": [6.75, 2.75, 8.75, 2.75], "texture": "#0"},
				"east": {"uv": [6.75, 2.875, 8.75, 2.875], "texture": "#0"},
				"south": {"uv": [6.75, 3, 8.75, 3], "texture": "#0"},
				"west": {"uv": [6.75, 3.125, 8.75, 3.125], "texture": "#0"},
				"up": {"uv": [2, 2, 0, 0], "texture": "#0"},
				"down": {"uv": [2, 2.125, 0, 4.125], "texture": "#0"}
			}
		},
		{
			"from": [5, 0, 5],
			"to": [11, 11, 11],
			"faces": {
				"north": {"uv": [2.125, 0, 2.875, 1.375], "texture": "#0"},
				"east": {"uv": [2.125, 1.5, 2.875, 2.875], "texture": "#0"},
				"south": {"uv": [3, 0, 3.75, 1.375], "texture": "#0"},
				"west": {"uv": [3, 1.5, 3.75, 2.875], "texture": "#0"},
				"up": {"uv": [4.625, 2.75, 3.875, 2], "texture": "#0"},
				"down": {"uv": [2.875, 3.875, 2.125, 4.625], "texture": "#0"}
			}
		},
		{
			"from": [5, 13.75074, 1.17108],
			"to": [11, 16.75074, 7.17108],
			"rotation": {"angle": 22.5, "axis": "x", "origin": [0, 2.75074, -3.82892]},
			"faces": {
				"north": {"uv": [6.25, 3.875, 7, 4.25], "texture": "#0"},
				"east": {"uv": [3.5, 6.5, 4.25, 6.875], "texture": "#0"},
				"south": {"uv": [0, 6.625, 0.75, 7], "texture": "#0"},
				"west": {"uv": [0.875, 6.625, 1.625, 7], "texture": "#0"},
				"up": {"uv": [3.75, 4.625, 3, 3.875], "texture": "#0"},
				"down": {"uv": [4.625, 3.875, 3.875, 4.625], "texture": "#0"}
			}
		},
		{
			"from": [5, 11.47875, 8.26937],
			"to": [11, 17.47875, 12.26937],
			"rotation": {"angle": -45, "axis": "x", "origin": [8, 13.06453, 11.68358]},
			"faces": {
				"north": {"uv": [4.125, 2.875, 4.875, 3.625], "texture": "#0"},
				"east": {"uv": [5.625, 3.5, 6.125, 4.25], "texture": "#0"},
				"south": {"uv": [0, 4.25, 0.75, 5], "texture": "#0"},
				"west": {"uv": [4.375, 5.625, 4.875, 6.375], "texture": "#0"},
				"up": {"uv": [6.625, 3.125, 5.875, 2.625], "texture": "#0"},
				"down": {"uv": [0.75, 6, 0, 6.5], "texture": "#0"}
			}
		},
		{
			"from": [5, 12.58787, 8.06061],
			"to": [11, 16.58787, 14.06061],
			"rotation": {"angle": 22.5, "axis": "x", "origin": [8, 14.58787, 13.06061]},
			"faces": {
				"north": {"uv": [0.875, 6, 1.625, 6.5], "texture": "#0"},
				"east": {"uv": [6.125, 4.375, 6.875, 4.875], "texture": "#0"},
				"south": {"uv": [6.125, 5, 6.875, 5.5], "texture": "#0"},
				"west": {"uv": [6.125, 5.625, 6.875, 6.125], "texture": "#0"},
				"up": {"uv": [1.625, 5, 0.875, 4.25], "texture": "#0"},
				"down": {"uv": [5.5, 0, 4.75, 0.75], "texture": "#0"}
			}
		},
		{
			"from": [5, 15.67026, 8.82597],
			"to": [11, 21.67026, 14.82597],
			"rotation": {"angle": -22.5, "axis": "x", "origin": [8, 15.67026, 13.82597]},
			"faces": {
				"north": {"uv": [4.75, 1.75, 5.5, 2.5], "texture": "#0"},
				"east": {"uv": [2.625, 4.75, 3.375, 5.5], "texture": "#0"},
				"south": {"uv": [3.5, 4.75, 4.25, 5.5], "texture": "#0"},
				"west": {"uv": [4.75, 3.75, 5.5, 4.5], "texture": "#0"},
				"up": {"uv": [5.125, 5.5, 4.375, 4.75], "texture": "#0"},
				"down": {"uv": [5.75, 2.625, 5, 3.375], "texture": "#0"}
			}
		},
		{
			"from": [5, 20.88911, 6.74664],
			"to": [11, 26.88911, 12.74664],
			"rotation": {"angle": -45, "axis": "x", "origin": [8, 20.88911, 11.74664]},
			"faces": {
				"north": {"uv": [0, 5.125, 0.75, 5.875], "texture": "#0"},
				"east": {"uv": [0.875, 5.125, 1.625, 5.875], "texture": "#0"},
				"south": {"uv": [5.25, 4.625, 6, 5.375], "texture": "#0"},
				"west": {"uv": [5.25, 5.5, 6, 6.25], "texture": "#0"},
				"up": {"uv": [6.375, 0.75, 5.625, 0], "texture": "#0"},
				"down": {"uv": [6.375, 0.875, 5.625, 1.625], "texture": "#0"}
			}
		},
		{
			"from": [5, 19.91498, 3.82843],
			"to": [11, 25.91498, 7.82843],
			"rotation": {"angle": 22.5, "axis": "x", "origin": [8, 24.91498, 7.82843]},
			"faces": {
				"north": {"uv": [1.75, 5.625, 2.5, 6.375], "texture": "#0"},
				"east": {"uv": [6.5, 0.625, 7, 1.375], "texture": "#0"},
				"south": {"uv": [5.625, 1.75, 6.375, 2.5], "texture": "#0"},
				"west": {"uv": [6.5, 1.5, 7, 2.25], "texture": "#0"},
				"up": {"uv": [2.5, 7, 1.75, 6.5], "texture": "#0"},
				"down": {"uv": [3.375, 6.5, 2.625, 7], "texture": "#0"}
			}
		},
		{
			"from": [5, 21.36959, -2.48441],
			"to": [11, 27.36959, 4.51559],
			"rotation": {"angle": 0, "axis": "x", "origin": [8, 28.21757, 13.51559]},
			"faces": {
				"north": {"uv": [2.625, 5.625, 3.375, 6.375], "texture": "#0"},
				"east": {"uv": [2.125, 3, 3, 3.75], "texture": "#0"},
				"south": {"uv": [3.5, 5.625, 4.25, 6.375], "texture": "#0"},
				"west": {"uv": [3.125, 3, 4, 3.75], "texture": "#0"},
				"up": {"uv": [4.625, 0.875, 3.875, 0], "texture": "#0"},
				"down": {"uv": [4.625, 1, 3.875, 1.875], "texture": "#0"}
			}
		},
		{
			"from": [7.5, 19.25, 0.5],
			"to": [8.5, 22.25, 2.5],
			"rotation": {"angle": 22.5, "axis": "x", "origin": [8, 30.5, 6]},
			"faces": {
				"north": {"uv": [5, 5.625, 5.125, 6], "texture": "#0"},
				"east": {"uv": [1.75, 4.25, 2, 4.625], "texture": "#0"},
				"south": {"uv": [5.875, 6.375, 6, 6.75], "texture": "#0"},
				"west": {"uv": [4.375, 6.5, 4.625, 6.875], "texture": "#0"},
				"up": {"uv": [4.875, 6.75, 4.75, 6.5], "texture": "#0"},
				"down": {"uv": [6.875, 2.375, 6.75, 2.625], "texture": "#0"}
			}
		}
	],
	"display": {}
}