{
	"credit": "Made with Blockbench",
	"texture_size": [64, 64],
	"textures": {
		"0": "seapickle3",
		"particle": "seapickle3"
	},
	"elements": [
		{
			"from": [9, 0, 3],
			"to": [15, 5, 12],
			"faces": {
				"north": {"uv": [5.5, 3.5, 7, 4.75], "texture": "#0"},
				"east": {"uv": [0, 4.25, 2.25, 5.5], "texture": "#0"},
				"south": {"uv": [5.5, 4.75, 7, 6], "texture": "#0"},
				"west": {"uv": [4.5, 1.25, 6.75, 2.5], "texture": "#0"},
				"up": {"uv": [4.5, 3.5, 3, 1.25], "texture": "#0"},
				"down": {"uv": [4.5, 3.5, 3, 5.75], "texture": "#0"}
			}
		},
		{
			"from": [2, 0, 9],
			"to": [8, 4, 13],
			"faces": {
				"north": {"uv": [2, 5.75, 3.5, 6.75], "texture": "#0"},
				"east": {"uv": [7, 3.5, 8, 4.5], "texture": "#0"},
				"south": {"uv": [6, 0, 7.5, 1], "texture": "#0"},
				"west": {"uv": [4.5, 7, 5.5, 8], "texture": "#0"},
				"up": {"uv": [7, 7, 5.5, 6], "texture": "#0"},
				"down": {"uv": [1.5, 6.5, 0, 7.5], "texture": "#0"}
			}
		},
		{
			"from": [10, 5, 3],
			"to": [14, 6, 12],
			"faces": {
				"north": {"uv": [2, 5.5, 3, 5.75], "texture": "#0"},
				"east": {"uv": [7.25, 5.25, 9.5, 5.5], "texture": "#0"},
				"south": {"uv": [7.5, 0.5, 8.5, 0.75], "texture": "#0"},
				"west": {"uv": [7.25, 5.5, 9.5, 5.75], "texture": "#0"},
				"up": {"uv": [5.5, 4.75, 4.5, 2.5], "texture": "#0"},
				"down": {"uv": [5.5, 4.75, 4.5, 7], "texture": "#0"}
			}
		},
		{
			"from": [11, 6, 3],
			"to": [13, 7, 12],
			"faces": {
				"north": {"uv": [2.25, 5.25, 2.75, 5.5], "texture": "#0"},
				"east": {"uv": [7.25, 5.75, 9.5, 6], "texture": "#0"},
				"south": {"uv": [6, 1, 6.5, 1.25], "texture": "#0"},
				"west": {"uv": [7.25, 6, 9.5, 6.25], "texture": "#0"},
				"up": {"uv": [4, 8, 3.5, 5.75], "texture": "#0"},
				"down": {"uv": [4.5, 5.75, 4, 8], "texture": "#0"}
			}
		},
		{
			"from": [2, 4, 10],
			"to": [8, 5, 12],
			"faces": {
				"north": {"uv": [7.25, 7.25, 8.75, 7.5], "texture": "#0"},
				"east": {"uv": [1.5, 6.5, 2, 6.75], "texture": "#0"},
				"south": {"uv": [0, 7.5, 1.5, 7.75], "texture": "#0"},
				"west": {"uv": [2.75, 7.5, 3.25, 7.75], "texture": "#0"},
				"up": {"uv": [8.25, 2.25, 6.75, 1.75], "texture": "#0"},
				"down": {"uv": [8.5, 4.5, 7, 5], "texture": "#0"}
			}
		},
		{
			"from": [1, 1, 8],
			"to": [9, 4, 9],
			"rotation": {"angle": 45, "axis": "x", "origin": [2, 2, 11]},
			"faces": {
				"north": {"uv": [6.75, 1, 8.75, 1.75], "texture": "#0"},
				"east": {"uv": [2.5, 7.5, 2.75, 8.25], "texture": "#0"},
				"south": {"uv": [1.5, 6.75, 3.5, 7.5], "texture": "#0"},
				"west": {"uv": [7.5, 2.5, 7.75, 3.25], "texture": "#0"},
				"up": {"uv": [9.25, 6.5, 7.25, 6.25], "texture": "#0"},
				"down": {"uv": [9.25, 6.5, 7.25, 6.75], "texture": "#0"}
			}
		},
		{
			"from": [1, 4, 8],
			"to": [9, 5, 12],
			"rotation": {"angle": 45, "axis": "x", "origin": [2, 2, 11]},
			"faces": {
				"north": {"uv": [7.25, 6.75, 9.25, 7], "texture": "#0"},
				"east": {"uv": [7.5, 0.75, 8.5, 1], "texture": "#0"},
				"south": {"uv": [7.25, 7, 9.25, 7.25], "texture": "#0"},
				"west": {"uv": [1.5, 7.5, 2.5, 7.75], "texture": "#0"},
				"up": {"uv": [2, 6.5, 0, 5.5], "texture": "#0"},
				"down": {"uv": [7.5, 2.5, 5.5, 3.5], "texture": "#0"}
			}
		},
		{
			"from": [9, 1, 2],
			"to": [10, 6, 13],
			"rotation": {"angle": -45, "axis": "z", "origin": [12, 4, 3]},
			"faces": {
				"north": {"uv": [2.75, 4.25, 3, 5.5], "texture": "#0"},
				"east": {"uv": [0, 3, 3, 4.25], "texture": "#0"},
				"south": {"uv": [6.25, 7, 6.5, 8.25], "texture": "#0"},
				"west": {"uv": [3, 0, 6, 1.25], "texture": "#0"},
				"up": {"uv": [7.25, 8, 7, 5], "texture": "#0"},
				"down": {"uv": [5.75, 7, 5.5, 10], "texture": "#0"}
			}
		},
		{
			"from": [9, 6, 2],
			"to": [15, 7, 13],
			"rotation": {"angle": -45, "axis": "z", "origin": [12, 4, 3]},
			"faces": {
				"north": {"uv": [7.5, 0, 9, 0.25], "texture": "#0"},
				"east": {"uv": [6.75, 2.25, 9.75, 2.5], "texture": "#0"},
				"south": {"uv": [7.5, 0.25, 9, 0.5], "texture": "#0"},
				"west": {"uv": [7.25, 5, 10.25, 5.25], "texture": "#0"},
				"up": {"uv": [1.5, 2.75, 0, 0], "texture": "#0"},
				"down": {"uv": [3, 0, 1.5, 2.75], "texture": "#0"}
			}
		},
		{
			"from": [9, 4, 5],
			"to": [10, 8, 7],
			"faces": {
				"north": {"uv": [6.5, 7, 6.75, 8], "texture": "#0"},
				"east": {"uv": [2.25, 4.25, 2.75, 5.25], "texture": "#0"},
				"south": {"uv": [6.75, 7, 7, 8], "texture": "#0"},
				"west": {"uv": [5.75, 7, 6.25, 8], "texture": "#0"},
				"up": {"uv": [3.5, 8, 3.25, 7.5], "texture": "#0"},
				"down": {"uv": [7.5, 7.5, 7.25, 8], "texture": "#0"}
			}
		}
	]
}