{
	"credit": "Made with Blockbench",
	"texture_size": [64, 64],
	"textures": {
		"0": "seapickle2",
		"particle": "seapickle2"
	},
	"elements": [
		{
			"from": [5, 0, 7],
			"to": [14, 5, 14],
			"rotation": {"angle": 0, "axis": "y", "origin": [0, 0, -2]},
			"faces": {
				"north": {"uv": [2.25, 4.75, 4.5, 6], "texture": "#0"},
				"east": {"uv": [5.5, 0, 7.25, 1.25], "texture": "#0"},
				"south": {"uv": [4.5, 4.75, 6.75, 6], "texture": "#0"},
				"west": {"uv": [5.5, 1.25, 7.25, 2.5], "texture": "#0"},
				"up": {"uv": [5, 4.75, 2.75, 3], "texture": "#0"},
				"down": {"uv": [2.25, 3.5, 0, 5.25], "texture": "#0"}
			}
		},
		{
			"from": [5, 5, 8],
			"to": [14, 6, 12],
			"rotation": {"angle": 0, "axis": "y", "origin": [0, 0, -2]},
			"faces": {
				"north": {"uv": [5, 4.5, 7.25, 4.75], "texture": "#0"},
				"east": {"uv": [6.75, 5, 7.75, 5.25], "texture": "#0"},
				"south": {"uv": [6.5, 6.5, 8.75, 6.75], "texture": "#0"},
				"west": {"uv": [6.75, 5.25, 7.75, 5.5], "texture": "#0"},
				"up": {"uv": [7.25, 4, 5, 3], "texture": "#0"},
				"down": {"uv": [2.25, 5.25, 0, 6.25], "texture": "#0"}
			}
		},
		{
			"from": [5, 6, 9],
			"to": [14, 7, 11],
			"rotation": {"angle": 0, "axis": "y", "origin": [0, 0, -2]},
			"faces": {
				"north": {"uv": [0, 6.75, 2.25, 7], "texture": "#0"},
				"east": {"uv": [2.25, 3.5, 2.75, 3.75], "texture": "#0"},
				"south": {"uv": [6.75, 4.75, 9, 5], "texture": "#0"},
				"west": {"uv": [2.25, 3.75, 2.75, 4], "texture": "#0"},
				"up": {"uv": [2.25, 6.75, 0, 6.25], "texture": "#0"},
				"down": {"uv": [4.5, 6.5, 2.25, 7], "texture": "#0"}
			}
		},
		{
			"from": [4, 1, 6],
			"to": [15, 8, 8],
			"rotation": {"angle": 45, "axis": "x", "origin": [5, 4, 10]},
			"faces": {
				"north": {"uv": [0, 0, 2.75, 1.75], "texture": "#0"},
				"east": {"uv": [4.5, 6.5, 5, 8.25], "texture": "#0"},
				"south": {"uv": [0, 1.75, 2.75, 3.5], "texture": "#0"},
				"west": {"uv": [5, 6.5, 5.5, 8.25], "texture": "#0"},
				"up": {"uv": [5, 6.5, 2.25, 6], "texture": "#0"},
				"down": {"uv": [7.75, 6, 5, 6.5], "texture": "#0"}
			}
		},
		{
			"from": [4, -0.29289, 12.70711],
			"to": [15, 5.70711, 14.70711],
			"rotation": {"angle": -45, "axis": "x", "origin": [5, 3, 10]},
			"faces": {
				"north": {"uv": [2.75, 0, 5.5, 1.5], "texture": "#0"},
				"east": {"uv": [5.5, 6.5, 6, 8], "texture": "#0"},
				"south": {"uv": [2.75, 1.5, 5.5, 3], "texture": "#0"},
				"west": {"uv": [6, 6.5, 6.5, 8], "texture": "#0"},
				"up": {"uv": [7.75, 4.5, 5, 4], "texture": "#0"},
				"down": {"uv": [8.25, 2.5, 5.5, 3], "texture": "#0"}
			}
		}
	]
}